data_name,num_classes,data_type,size,rho,distribution,variant,sampling_modifiedRS_rho,sampling_weightedRS_percentage,augmentation_rho,augmentation_percentage,augmentation_top_k,wce_alpha,fl_gamma,test_f1_macro,test_f1_macro_std,val_f1_macro,train_f1_macro,train_f1_per_label_0,train_f1_per_label_1,train_f1_per_label_2,train_f1_per_label_3,train_f1_per_label_4,train_accuracy,train_precision_macro,train_precision_weighted,train_recall_macro,train_recall_weighted,train_auprc,val_f1_per_label_0,val_f1_per_label_1,val_f1_per_label_2,val_f1_per_label_3,val_f1_per_label_4,val_accuracy,val_precision_macro,val_precision_weighted,val_recall_macro,val_recall_weighted,val_auprc,test_f1_per_label_0,test_f1_per_label_1,test_f1_per_label_2,test_f1_per_label_3,test_f1_per_label_4,test_accuracy,test_precision_macro,test_precision_weighted,test_recall_macro,test_recall_weighted,test_auprc
ami,5,multi,2245,11.21,"{'0_discredit': 0.514, '1_stereotype': 0.142, '2_dominance': 0.121, '3_sexual harassment': 0.176, '4_derailing': 0.046}",sampling_weightedRS_combi,-,1.0,-,-,-,-,-,53.62,1.28,53.28,99.57,98.97,99.91,99.84,99.19,99.97,99.58,99.57,99.58,99.58,99.58,99.92,75.52,45.28,36.49,50.27,58.85,63.16,53.75,64.12,53.58,63.16,52.64,63.69,85.09,41.92,53.86,23.51,63.77,56.52,66.94,55.47,63.77,56.13
ami,5,multi,2245,11.21,"{'0_discredit': 0.514, '1_stereotype': 0.142, '2_dominance': 0.121, '3_sexual harassment': 0.176, '4_derailing': 0.046}",th,-,-,-,-,-,-,-,53.83,0.79,52.7,98.51,99.47,98.24,97.29,98.99,98.54,99.03,98.76,99.03,98.27,99.03,99.75,76.3,46.3,32.36,51.95,56.6,63.09,51.39,65.37,55.43,63.09,50.54,63.97,81.66,49.94,57.02,16.58,64.28,54.35,65.43,55.25,64.28,56.1
ami,5,multi,2245,11.21,"{'0_discredit': 0.514, '1_stereotype': 0.142, '2_dominance': 0.121, '3_sexual harassment': 0.176, '4_derailing': 0.046}",sampling_modifiedRS_undersampling,3.0,-,-,-,-,-,-,54.46,1.45,53.51,98.49,97.17,99.01,99.11,98.15,99.04,98.26,98.38,98.26,98.61,98.26,99.62,77.36,44.36,39.35,54.05,52.41,65.25,56.64,65.67,52.23,65.25,51.68,64.68,83.63,39.75,50.19,34.04,62.97,58.94,66.74,56.23,62.97,58.01
ami,5,multi,2245,11.21,"{'0_discredit': 0.514, '1_stereotype': 0.142, '2_dominance': 0.121, '3_sexual harassment': 0.176, '4_derailing': 0.046}",augmentation_bert,-,-,3.0,0.1,3,-,-,54.62,2.25,53.15,99.17,99.15,99.74,99.61,97.57,99.8,99.16,99.25,99.16,99.11,99.16,99.86,78.75,41.66,37.21,53.5,54.62,65.55,54.04,65.73,52.97,65.55,53.48,66.38,82.02,42.11,55.01,27.6,63.91,56.37,65.91,56.92,63.91,56.84
ami,5,multi,2245,11.21,"{'0_discredit': 0.514, '1_stereotype': 0.142, '2_dominance': 0.121, '3_sexual harassment': 0.176, '4_derailing': 0.046}",baseline,-,-,-,-,-,-,-,54.65,2.35,52.51,98.75,99.61,99.25,97.42,98.92,98.57,99.2,98.92,99.21,98.61,99.2,99.73,78.46,47.08,32.89,52.23,51.89,65.55,54.77,65.03,51.44,65.55,50.45,66.18,85.77,43.97,53.59,23.75,65.29,59.47,68.14,55.3,65.29,57.12
ami,5,multi,2245,11.21,"{'0_discredit': 0.514, '1_stereotype': 0.142, '2_dominance': 0.121, '3_sexual harassment': 0.176, '4_derailing': 0.046}",wce,-,-,-,-,-,"(0.1, 0.7, 0.9, 0.1, 0.9)",-,55.35,3.37,53.6,97.27,98.22,98.9,95.56,95.78,97.88,97.56,96.46,97.66,98.23,97.56,99.3,76.19,45.56,34.25,49.47,62.53,63.53,53.93,65.42,55.7,63.53,53.77,64.23,84.82,47.1,53.09,27.51,65.14,58.59,68.5,56.61,65.14,58.36
ami,5,multi,2245,11.21,"{'0_discredit': 0.514, '1_stereotype': 0.142, '2_dominance': 0.121, '3_sexual harassment': 0.176, '4_derailing': 0.046}",wfl,-,-,-,-,-,"(0.1, 0.7, 0.9, 0.1, 0.9)",0.5,55.54,3.82,54.66,97.19,97.96,99.75,96.85,92.81,98.59,97.11,96.99,97.13,97.55,97.11,98.9,79.24,45.09,39.57,50.1,59.3,66.37,57.44,66.53,54.09,66.37,53.59,65.78,84.6,47.62,52.71,26.97,65.65,59.97,69.4,56.09,65.65,59.84
ami,5,multi,2245,11.21,"{'0_discredit': 0.514, '1_stereotype': 0.142, '2_dominance': 0.121, '3_sexual harassment': 0.176, '4_derailing': 0.046}",augmentation_abusive_lexicon,-,-,7.5,0.3,5,-,-,55.61,3.31,54.35,99.18,99.67,99.12,98.05,99.24,99.84,99.42,99.31,99.42,99.06,99.42,99.81,78.31,48.68,36.37,53.65,54.76,66.14,56.56,65.77,52.84,66.14,51.83,66.66,85.02,44.88,55.6,25.88,65.43,58.45,68.47,57.16,65.43,57.28
ami,5,multi,2245,11.21,"{'0_discredit': 0.514, '1_stereotype': 0.142, '2_dominance': 0.121, '3_sexual harassment': 0.176, '4_derailing': 0.046}",sampling_modifiedRS_oversampling,3.0,-,-,-,-,-,-,55.7,1.68,53.65,99.79,99.74,99.87,99.93,99.43,100.0,99.78,99.83,99.78,99.76,99.78,99.96,77.21,48.34,38.23,52.24,52.22,64.88,55.87,65.29,52.68,64.88,54.15,65.73,84.46,45.08,55.18,28.04,65.07,58.58,67.51,57.03,65.07,57.98
ami,5,multi,2245,11.21,"{'0_discredit': 0.514, '1_stereotype': 0.142, '2_dominance': 0.121, '3_sexual harassment': 0.176, '4_derailing': 0.046}",fl,-,-,-,-,-,-,0.2,56.44,0.76,54.0,98.38,99.58,98.63,96.51,99.37,97.81,99.1,98.6,99.1,98.17,99.1,99.52,76.5,47.97,33.89,52.37,59.28,64.43,54.91,65.02,54.2,64.43,50.93,67.06,84.39,48.82,57.32,24.63,66.59,60.55,69.05,57.54,66.59,56.28
civil-comments,2,bin,5000,11.53,"{'0_non-toxic': 0.92, '1_toxic': 0.08}",wfl,-,-,-,-,-,0.75,1.0,73.45,3.04,79.68,98.92,99.82,98.01,0.0,0.0,0.0,99.68,98.35,99.69,99.51,99.68,99.75,97.03,62.32,0.0,0.0,0.0,94.5,82.9,94.15,77.23,94.5,81.15,95.98,50.92,0.0,0.0,0.0,92.57,74.85,92.24,72.37,92.57,76.6
civil-comments,2,bin,5000,11.53,"{'0_non-toxic': 0.92, '1_toxic': 0.08}",wce,-,-,-,-,-,0.75,-,73.55,0.54,79.66,98.54,99.76,97.32,0.0,0.0,0.0,99.57,98.04,99.58,99.06,99.57,99.91,96.93,62.39,0.0,0.0,0.0,94.33,81.52,94.12,78.47,94.33,82.1,95.44,51.66,0.0,0.0,0.0,91.67,72.37,92.31,75.31,91.67,77.8
civil-comments,2,bin,5000,11.53,"{'0_non-toxic': 0.92, '1_toxic': 0.08}",sampling_modifiedRS_undersampling,3.0,-,-,-,-,-,-,73.97,2.66,79.88,98.74,99.37,98.12,0.0,0.0,0.0,99.06,98.69,99.07,98.81,99.06,99.87,96.79,62.97,0.0,0.0,0.0,94.1,80.32,94.12,79.67,94.1,80.21,95.71,52.23,0.0,0.0,0.0,92.13,73.34,92.37,74.8,92.13,77.39
civil-comments,2,bin,5000,11.53,"{'0_non-toxic': 0.92, '1_toxic': 0.08}",sampling_weightedRS_combi,-,-0.25,-,-,-,-,-,74.15,2.78,79.57,99.47,99.47,99.46,0.0,0.0,0.0,99.47,99.47,99.47,99.46,99.47,99.92,96.88,62.26,0.0,0.0,0.0,94.23,81.43,94.14,78.61,94.23,81.25,95.75,52.56,0.0,0.0,0.0,92.2,73.65,92.49,75.22,92.2,77.77
civil-comments,2,bin,5000,11.53,"{'0_non-toxic': 0.92, '1_toxic': 0.08}",th,-,-,-,-,-,-,-,75.27,2.12,78.11,99.13,99.86,98.4,0.0,0.0,0.0,99.74,99.1,99.75,99.16,99.74,99.93,96.84,59.38,0.0,0.0,0.0,94.13,81.29,93.68,75.7,94.13,78.12,96.17,54.36,0.0,0.0,0.0,92.93,76.03,92.75,74.66,92.93,77.44
civil-comments,2,bin,5000,11.53,"{'0_non-toxic': 0.92, '1_toxic': 0.08}",augmentation_abusive_lexicon,-,-,5.0,0.1,3,-,-,75.67,0.96,79.02,99.6,99.87,99.34,0.0,0.0,0.0,99.78,99.63,99.78,99.58,99.78,99.99,96.63,61.41,0.0,0.0,0.0,93.8,78.93,93.83,79.13,93.8,82.07,95.84,55.5,0.0,0.0,0.0,92.4,74.38,92.88,77.23,92.4,78.74
civil-comments,2,bin,5000,11.53,"{'0_non-toxic': 0.92, '1_toxic': 0.08}",sampling_modifiedRS_oversampling,5.0,-,-,-,-,-,-,75.85,2.6,78.84,99.47,99.83,99.12,0.0,0.0,0.0,99.71,99.51,99.71,99.44,99.71,99.96,96.93,60.76,0.0,0.0,0.0,94.3,82.33,93.94,76.36,94.3,82.3,96.28,55.42,0.0,0.0,0.0,93.13,77.4,92.97,74.77,93.13,78.51
civil-comments,2,bin,5000,11.53,"{'0_non-toxic': 0.92, '1_toxic': 0.08}",augmentation_bert,-,-,5.0,0.1,5,-,-,75.88,1.43,79.6,98.93,99.64,98.22,0.0,0.0,0.0,99.41,98.92,99.41,98.94,99.41,99.87,96.8,62.41,0.0,0.0,0.0,94.1,81.01,94.12,78.91,94.1,82.15,96.08,55.68,0.0,0.0,0.0,92.8,76.21,93.03,76.3,92.8,78.5
civil-comments,2,bin,5000,11.53,"{'0_non-toxic': 0.92, '1_toxic': 0.08}",baseline,-,-,-,-,-,-,-,75.99,0.46,78.25,98.51,99.76,97.26,0.0,0.0,0.0,99.57,98.73,99.56,98.3,99.57,99.7,96.7,59.81,0.0,0.0,0.0,93.9,80.31,93.72,76.9,93.9,80.72,95.94,56.04,0.0,0.0,0.0,92.57,75.09,93.01,77.32,92.57,80.33
civil-comments,2,bin,5000,11.53,"{'0_non-toxic': 0.92, '1_toxic': 0.08}",fl,-,-,-,-,-,-,0.5,76.75,0.91,79.42,99.13,99.86,98.41,0.0,0.0,0.0,99.74,99.04,99.75,99.22,99.74,99.86,96.9,61.94,0.0,0.0,0.0,94.27,81.37,94.01,77.86,94.27,82.5,96.29,57.2,0.0,0.0,0.0,93.17,76.81,93.16,76.69,93.17,79.04
civil-comments,2,bin,5000,11.53,"{'0_non-toxic': 0.92, '1_toxic': 0.08}",augmentation_external_data_preprocessing,-,-,2.0,-,-,-,-,76.77,3.04,79.5,99.7,99.8,99.6,0.0,0.0,0.0,99.73,99.71,99.73,99.69,99.73,99.97,96.96,62.04,0.0,0.0,0.0,94.37,82.18,94.08,77.54,94.37,82.39,96.34,57.21,0.0,0.0,0.0,93.27,77.51,93.28,76.75,93.27,80.8
cmsb-tsd,2,bin,13631,6.54,"{'0_non-sexist': 0.867, '1_sexist': 0.133}",wce,-,-,-,-,-,0.25,-,84.19,0.38,84.92,98.32,99.56,97.07,0.0,0.0,0.0,99.24,99.09,99.24,97.58,99.24,99.74,95.83,74.01,0.0,0.0,0.0,92.82,84.05,93.16,86.15,92.82,90.01,95.76,72.62,0.0,0.0,0.0,92.67,84.09,92.78,84.5,92.67,89.82
cmsb-tsd,2,bin,13631,6.54,"{'0_non-sexist': 0.867, '1_sexist': 0.133}",sampling_modifiedRS_undersampling,5.8,-,-,-,-,-,-,84.33,0.62,85.14,99.03,99.71,98.34,0.0,0.0,0.0,99.51,98.98,99.51,99.08,99.51,99.82,95.69,74.59,0.0,0.0,0.0,92.64,83.3,93.41,87.8,92.64,89.76,95.57,73.09,0.0,0.0,0.0,92.4,82.91,92.96,86.34,92.4,89.78
cmsb-tsd,2,bin,13631,6.54,"{'0_non-sexist': 0.867, '1_sexist': 0.133}",baseline,-,-,-,-,-,-,-,84.36,0.53,84.99,98.51,99.61,97.42,0.0,0.0,0.0,99.32,98.5,99.32,98.53,99.32,99.66,95.84,74.13,0.0,0.0,0.0,92.85,84.25,93.24,86.25,92.85,90.21,95.74,72.98,0.0,0.0,0.0,92.65,84.11,92.94,85.08,92.65,90.02
cmsb-tsd,2,bin,13631,6.54,"{'0_non-sexist': 0.867, '1_sexist': 0.133}",augmentation_abusive_lexicon,-,-,3.0,0.1,3,-,-,84.59,0.46,85.13,99.46,99.73,99.2,0.0,0.0,0.0,99.6,99.47,99.6,99.46,99.6,99.97,95.71,74.54,0.0,0.0,0.0,92.66,83.12,93.31,87.66,92.66,88.4,95.71,73.47,0.0,0.0,0.0,92.62,83.43,92.98,86.0,92.62,89.48
cmsb-tsd,2,bin,13631,6.54,"{'0_non-sexist': 0.867, '1_sexist': 0.133}",augmentation_external_data_preprocessing,-,-,3.0,-,-,-,-,84.59,0.58,84.61,99.23,99.62,98.85,0.0,0.0,0.0,99.43,99.19,99.43,99.28,99.43,99.92,95.65,73.56,0.0,0.0,0.0,92.53,83.1,93.03,86.53,92.53,88.11,95.75,73.43,0.0,0.0,0.0,92.68,83.61,92.96,85.76,92.68,88.64
cmsb-tsd,2,bin,13631,6.54,"{'0_non-sexist': 0.867, '1_sexist': 0.133}",fl,-,-,-,-,-,-,0.2,84.72,0.49,85.31,98.69,99.65,97.73,0.0,0.0,0.0,99.4,98.63,99.4,98.75,99.4,99.78,95.73,74.88,0.0,0.0,0.0,92.71,83.28,93.46,88.08,92.71,89.66,95.62,73.82,0.0,0.0,0.0,92.49,82.97,93.14,87.06,92.49,89.64
cmsb-tsd,2,bin,13631,6.54,"{'0_non-sexist': 0.867, '1_sexist': 0.133}",sampling_modifiedRS_oversampling,5,-,-,-,-,-,-,84.83,0.41,85.3,98.96,99.65,98.26,0.0,0.0,0.0,99.42,98.98,99.42,98.93,99.42,99.82,95.75,74.85,0.0,0.0,0.0,92.72,83.14,93.39,88.01,92.72,89.82,95.76,73.9,0.0,0.0,0.0,92.7,83.45,93.07,86.4,92.7,90.08
cmsb-tsd,2,bin,13631,6.54,"{'0_non-sexist': 0.867, '1_sexist': 0.133}",sampling_weightedRS_combi,-,0.0,-,-,-,-,-,84.84,0.31,85.11,99.59,99.59,99.58,0.0,0.0,0.0,99.59,99.59,99.59,99.59,99.59,99.89,95.78,74.44,0.0,0.0,0.0,92.76,83.46,93.25,87.13,92.76,88.23,95.82,73.86,0.0,0.0,0.0,92.8,83.89,93.07,85.94,92.8,89.22
cmsb-tsd,2,bin,13631,6.54,"{'0_non-sexist': 0.867, '1_sexist': 0.133}",wfl,-,-,-,-,-,0.5,0.2,84.84,1.18,85.48,98.79,99.68,97.91,0.0,0.0,0.0,99.45,98.86,99.44,98.73,99.45,99.83,96.03,74.92,0.0,0.0,0.0,93.15,84.78,93.35,86.3,93.15,90.34,95.98,73.7,0.0,0.0,0.0,93.02,84.9,93.04,84.86,93.02,90.39
cmsb-tsd,2,bin,13631,6.54,"{'0_non-sexist': 0.867, '1_sexist': 0.133}",augmentation_bert,-,-,5.0,0.1,3,-,-,84.85,0.5,84.68,98.75,99.58,97.92,0.0,0.0,0.0,99.31,98.73,99.31,98.78,99.31,99.86,95.6,73.75,0.0,0.0,0.0,92.47,82.77,93.08,87.04,92.47,89.66,95.76,73.95,0.0,0.0,0.0,92.7,83.49,93.1,86.47,92.7,90.05
cmsb-tsd,2,bin,13631,6.54,"{'0_non-sexist': 0.867, '1_sexist': 0.133}",th,-,-,-,-,-,-,-,84.91,1.12,84.22,98.38,99.57,97.19,0.0,0.0,0.0,99.25,98.21,99.25,98.54,99.25,99.7,95.29,73.15,0.0,0.0,0.0,92.0,81.98,93.13,87.75,92.0,89.74,95.6,74.22,0.0,0.0,0.0,92.49,83.13,93.36,87.68,92.49,90.23
davidson-thon,3,multi,24783,13.42,"{'0_hate speech': 0.058, '1_offensive language': 0.774, '2_neither': 0.168}",augmentation_external_data_preprocessing,-,-,5.0,-,-,-,-,73.71,0.5,74.74,97.02,94.57,98.71,97.77,0.0,0.0,98.0,97.46,97.98,96.61,98.0,99.16,41.73,94.56,87.94,0.0,0.0,90.35,74.51,90.52,75.29,90.35,75.19,38.4,94.66,88.06,0.0,0.0,90.44,74.41,90.23,73.3,90.44,75.08
davidson-thon,3,multi,24783,13.42,"{'0_hate speech': 0.058, '1_offensive language': 0.774, '2_neither': 0.168}",th,-,-,-,-,-,-,-,74.33,0.91,74.87,93.83,84.21,98.75,98.54,0.0,0.0,97.95,94.98,97.85,92.95,97.95,96.14,43.53,92.71,88.37,0.0,0.0,88.02,71.84,91.08,80.71,88.02,75.53,40.84,92.95,89.21,0.0,0.0,88.33,71.9,90.87,78.85,88.33,74.87
davidson-thon,3,multi,24783,13.42,"{'0_hate speech': 0.058, '1_offensive language': 0.774, '2_neither': 0.168}",baseline,-,-,-,-,-,-,-,74.7,0.59,74.64,93.57,83.38,98.7,98.62,0.0,0.0,97.9,94.79,97.77,92.68,97.9,95.74,40.96,94.29,88.67,0.0,0.0,90.33,74.76,90.32,75.02,90.33,76.47,40.46,94.54,89.1,0.0,0.0,90.73,76.02,90.41,74.11,90.73,75.9
davidson-thon,3,multi,24783,13.42,"{'0_hate speech': 0.058, '1_offensive language': 0.774, '2_neither': 0.168}",fl,-,-,-,-,-,-,2.0,74.74,0.86,76.68,92.81,81.26,98.45,98.71,0.0,0.0,97.55,93.84,97.48,91.89,97.55,96.04,46.67,94.5,88.88,0.0,0.0,90.78,76.64,90.89,77.07,90.78,77.38,41.09,94.37,88.76,0.0,0.0,90.53,75.83,90.28,74.09,90.53,76.55
davidson-thon,3,multi,24783,13.42,"{'0_hate speech': 0.058, '1_offensive language': 0.774, '2_neither': 0.168}",sampling_weightedRS_combi,-,-0.25,-,-,-,-,-,74.94,0.74,75.99,98.77,98.81,98.16,99.33,0.0,0.0,98.77,98.77,98.77,98.78,98.77,99.72,45.12,93.63,89.2,0.0,0.0,89.58,73.9,90.83,78.96,89.58,76.53,42.06,93.64,89.11,0.0,0.0,89.5,73.47,90.43,76.94,89.5,76.27
davidson-thon,3,multi,24783,13.42,"{'0_hate speech': 0.058, '1_offensive language': 0.774, '2_neither': 0.168}",augmentation_bert,-,-,7.5,0.1,5,-,-,75.19,0.34,77.19,94.98,88.97,98.24,97.73,0.0,0.0,97.26,95.45,97.23,94.54,97.26,98.12,47.32,94.64,89.62,0.0,0.0,90.76,75.6,91.49,79.2,90.76,77.46,41.84,94.51,89.22,0.0,0.0,90.48,74.66,90.72,75.85,90.48,75.83
davidson-thon,3,multi,24783,13.42,"{'0_hate speech': 0.058, '1_offensive language': 0.774, '2_neither': 0.168}",wce,-,-,-,-,-,"(0.9, 0.1, 0.3)",-,75.48,0.18,76.57,89.68,75.2,96.91,96.92,0.0,0.0,95.27,85.92,96.57,95.86,95.27,94.52,47.52,93.67,88.51,0.0,0.0,89.44,73.68,91.32,81.08,89.44,76.97,44.14,93.58,88.73,0.0,0.0,89.29,73.27,90.82,78.82,89.29,76.27
davidson-thon,3,multi,24783,13.42,"{'0_hate speech': 0.058, '1_offensive language': 0.774, '2_neither': 0.168}",wfl,-,-,-,-,-,"(0.9, 0.1, 0.3)",0.5,75.52,0.52,76.31,91.59,79.3,97.54,97.92,0.0,0.0,96.25,88.15,97.3,97.13,96.25,96.23,46.59,93.61,88.72,0.0,0.0,89.42,73.38,91.14,80.55,89.42,76.94,43.56,93.74,89.25,0.0,0.0,89.54,73.3,90.88,78.55,89.54,76.12
davidson-thon,3,multi,24783,13.42,"{'0_hate speech': 0.058, '1_offensive language': 0.774, '2_neither': 0.168}",sampling_modifiedRS_oversampling,5.0,-,-,-,-,-,-,75.64,0.46,76.43,96.82,94.62,98.45,97.39,0.0,0.0,97.75,96.83,97.75,96.82,97.75,99.15,46.66,93.93,88.69,0.0,0.0,89.78,74.54,91.09,79.29,89.78,77.81,43.64,93.96,89.34,0.0,0.0,89.89,74.5,90.77,77.32,89.89,76.2
davidson-thon,3,multi,24783,13.42,"{'0_hate speech': 0.058, '1_offensive language': 0.774, '2_neither': 0.168}",augmentation_abusive_lexicon,-,-,10.0,0.3,3,-,-,76.05,0.06,77.31,95.07,88.38,98.58,98.26,0.0,0.0,97.78,95.8,97.74,94.41,97.78,97.85,48.16,94.44,89.34,0.0,0.0,90.58,75.57,91.37,79.52,90.58,77.45,44.1,94.49,89.55,0.0,0.0,90.59,75.23,90.97,77.03,90.59,76.12
davidson-thon,3,multi,24783,13.42,"{'0_hate speech': 0.058, '1_offensive language': 0.774, '2_neither': 0.168}",sampling_modifiedRS_undersampling,5.0,-,-,-,-,-,-,76.57,0.19,77.27,93.31,85.47,96.25,98.22,0.0,0.0,95.69,93.23,95.69,93.44,95.69,96.65,48.58,94.13,89.11,0.0,0.0,90.22,75.32,91.25,79.9,90.22,78.02,45.99,94.32,89.39,0.0,0.0,90.38,75.3,91.12,78.22,90.38,76.93
founta-2018-thas,4,multi,46452,20.34,"{'0_normal': 0.717, '1_spam': 0.163, '2_abusive': 0.085, '3_hateful': 0.035}",th,-,-,-,-,-,-,-,61.9,0.35,61.73,95.25,98.46,94.07,96.79,91.68,0.0,97.38,95.75,97.36,94.77,97.38,98.55,84.47,53.71,75.89,32.84,0.0,76.11,60.04,78.06,64.13,76.11,58.9,84.34,52.86,76.04,34.36,0.0,75.88,60.01,78.0,64.59,75.88,58.7
founta-2018-thas,4,multi,46452,20.34,"{'0_normal': 0.717, '1_spam': 0.163, '2_abusive': 0.085, '3_hateful': 0.035}",sampling_weightedRS_combi,-,-0.5,-,-,-,-,-,62.46,0.5,61.91,93.64,88.91,90.89,97.28,97.5,0.0,93.7,93.72,93.74,93.67,93.7,97.15,84.12,56.47,75.65,31.38,0.0,76.1,60.36,78.81,64.63,76.1,62.2,84.22,56.12,76.22,33.25,0.0,76.15,60.58,79.03,65.6,76.15,62.17
founta-2018-thas,4,multi,46452,20.34,"{'0_normal': 0.717, '1_spam': 0.163, '2_abusive': 0.085, '3_hateful': 0.035}",baseline,-,-,-,-,-,-,-,62.7,0.91,62.96,94.05,98.18,93.16,95.82,89.05,0.0,96.86,94.81,96.84,93.32,96.86,97.56,86.83,52.9,77.52,34.61,0.0,79.19,65.41,78.46,61.84,79.19,63.47,86.55,52.0,78.17,34.09,0.0,78.71,63.84,78.19,62.23,78.71,63.37
founta-2018-thas,4,multi,46452,20.34,"{'0_normal': 0.717, '1_spam': 0.163, '2_abusive': 0.085, '3_hateful': 0.035}",augmentation_bert,-,-,10.0,0.1,5,-,-,63.37,0.77,63.41,92.7,96.87,87.77,93.84,92.31,0.0,94.9,93.11,94.87,92.3,94.9,96.82,87.2,56.11,77.19,33.13,0.0,79.73,65.94,79.25,62.18,79.73,65.98,87.32,55.77,77.28,33.1,0.0,79.7,65.08,79.26,62.34,79.7,66.35
founta-2018-thas,4,multi,46452,20.34,"{'0_normal': 0.717, '1_spam': 0.163, '2_abusive': 0.085, '3_hateful': 0.035}",augmentation_abusive_lexicon,-,-,5.0,0.3,5,-,-,63.51,0.45,63.37,92.68,95.66,82.64,95.88,96.56,0.0,93.99,92.85,93.97,92.52,93.99,96.41,87.12,55.78,76.18,34.4,0.0,79.49,64.87,79.23,62.43,79.49,65.36,87.29,55.34,76.7,34.72,0.0,79.52,64.5,79.39,62.89,79.52,65.86
founta-2018-thas,4,multi,46452,20.34,"{'0_normal': 0.717, '1_spam': 0.163, '2_abusive': 0.085, '3_hateful': 0.035}",fl,-,-,-,-,-,-,0.2,63.55,0.5,62.46,93.56,98.01,92.48,95.58,88.16,0.0,96.58,94.27,96.55,92.87,96.58,97.56,86.22,54.31,77.37,31.95,0.0,78.55,63.33,78.41,62.41,78.55,64.02,86.21,53.43,78.32,36.22,0.0,78.54,63.94,78.52,63.72,78.54,64.12
founta-2018-thas,4,multi,46452,20.34,"{'0_normal': 0.717, '1_spam': 0.163, '2_abusive': 0.085, '3_hateful': 0.035}",sampling_modifiedRS_oversampling,10.0,-,-,-,-,-,-,63.98,0.25,63.72,91.76,96.27,85.62,93.17,91.99,0.0,94.07,92.19,94.03,91.35,94.07,96.09,87.54,55.52,77.57,34.25,0.0,80.13,66.77,79.39,61.89,80.13,66.26,87.59,54.53,78.82,34.99,0.0,80.15,66.53,79.34,62.29,80.15,66.29
founta-2018-thas,4,multi,46452,20.34,"{'0_normal': 0.717, '1_spam': 0.163, '2_abusive': 0.085, '3_hateful': 0.035}",augmentation_external_data_preprocessing,10.0,-,10.0,-,-,-,-,64.2,0.82,63.57,91.0,96.38,86.56,92.0,89.05,0.0,94.0,91.52,93.96,90.51,94.0,95.58,86.38,57.07,78.97,31.85,0.0,79.01,64.67,79.39,63.49,79.01,65.34,86.43,56.52,80.19,33.64,0.0,79.08,64.76,79.47,64.27,79.08,65.74
founta-2018-thas,4,multi,46452,20.34,"{'0_normal': 0.717, '1_spam': 0.163, '2_abusive': 0.085, '3_hateful': 0.035}",wfl,-,-,-,-,-,"(0.1, 0.2, 0.4, 1.0)",0.5,64.22,0.98,63.56,85.27,93.34,79.36,90.72,77.69,0.0,89.93,81.46,91.2,90.53,89.93,90.74,84.21,57.63,75.92,36.47,0.0,76.45,62.14,79.81,66.64,76.45,66.73,84.41,57.62,76.05,38.78,0.0,76.65,62.66,80.08,67.61,76.65,67.58
founta-2018-thas,4,multi,46452,20.34,"{'0_normal': 0.717, '1_spam': 0.163, '2_abusive': 0.085, '3_hateful': 0.035}",wce,-,-,-,-,-,"(0.1, 0.2, 0.4, 1.0)",-,64.33,1.36,63.22,86.44,94.1,81.56,90.85,79.24,0.0,90.99,82.88,91.93,91.11,90.99,91.81,84.11,57.49,76.34,34.94,0.0,76.29,61.56,79.79,66.71,76.29,66.35,84.26,56.96,77.19,38.91,0.0,76.46,62.51,80.11,68.3,76.46,67.31
founta-2018-thas,4,multi,46452,20.34,"{'0_normal': 0.717, '1_spam': 0.163, '2_abusive': 0.085, '3_hateful': 0.035}",sampling_modifiedRS_undersampling,15.0,-,-,-,-,-,-,64.38,1.68,63.74,91.29,96.36,90.01,94.35,84.46,0.0,94.36,91.65,94.37,90.97,94.36,95.13,85.72,56.3,76.59,36.38,0.0,78.17,64.06,79.07,64.43,78.17,64.33,86.03,56.24,76.99,38.26,0.0,78.43,64.36,79.38,65.18,78.43,65.3
gibert-2018-shs,2,bin,10703,7.95,"{'0_no-hate': 0.888, '1_hate': 0.112}",wce,-,-,-,-,-,0.888,-,75.62,1.03,79.72,99.05,99.78,98.31,0.0,0.0,0.0,99.62,98.45,99.63,99.66,99.62,99.89,95.39,64.04,0.0,0.0,0.0,91.83,79.38,91.99,80.22,91.83,81.81,94.43,56.81,0.0,0.0,0.0,90.13,75.17,90.37,76.21,90.13,79.11
gibert-2018-shs,2,bin,10703,7.95,"{'0_no-hate': 0.888, '1_hate': 0.112}",sampling_modifiedRS_undersampling,5,-,-,-,-,-,-,75.72,0.62,80.11,98.71,99.57,97.85,0.0,0.0,0.0,99.28,98.58,99.28,98.84,99.28,99.75,95.83,64.39,0.0,0.0,0.0,92.54,82.22,92.24,78.55,92.54,82.6,94.85,56.58,0.0,0.0,0.0,90.8,77.15,90.45,74.64,90.8,79.58
gibert-2018-shs,2,bin,10703,7.95,"{'0_no-hate': 0.888, '1_hate': 0.112}",augmentation_bert,-,-,3.0,0.1,5,-,-,75.74,1.04,78.75,99.25,99.62,98.87,0.0,0.0,0.0,99.43,99.25,99.43,99.24,99.43,99.96,95.39,62.11,0.0,0.0,0.0,91.78,79.52,91.59,78.06,91.78,80.2,94.66,56.81,0.0,0.0,0.0,90.5,76.1,90.39,75.45,90.5,78.91
gibert-2018-shs,2,bin,10703,7.95,"{'0_no-hate': 0.888, '1_hate': 0.112}",augmentation_external_data_preprocessing,-,-,5.0,-,-,-,-,75.85,0.45,79.23,99.12,99.71,98.54,0.0,0.0,0.0,99.51,99.18,99.51,99.07,99.51,99.86,95.51,62.94,0.0,0.0,0.0,92.0,80.15,91.79,78.42,92.0,81.03,94.71,56.99,0.0,0.0,0.0,90.58,76.34,90.44,75.43,90.58,78.66
gibert-2018-shs,2,bin,10703,7.95,"{'0_no-hate': 0.888, '1_hate': 0.112}",wfl,-,-,-,-,-,0.75,0.5,76.39,0.96,80.21,98.45,99.65,97.26,0.0,0.0,0.0,99.38,97.85,99.39,99.08,99.38,99.84,95.73,64.68,0.0,0.0,0.0,92.39,81.2,92.17,79.31,92.39,82.99,94.84,57.94,0.0,0.0,0.0,90.81,76.93,90.65,75.93,90.81,80.04
gibert-2018-shs,2,bin,10703,7.95,"{'0_no-hate': 0.888, '1_hate': 0.112}",baseline,-,-,-,-,-,-,-,76.89,0.7,79.02,98.48,99.66,97.3,0.0,0.0,0.0,99.4,98.64,99.4,98.32,99.4,99.67,95.16,62.87,0.0,0.0,0.0,91.45,78.55,91.81,80.01,91.45,82.31,94.62,59.17,0.0,0.0,0.0,90.5,76.41,90.99,78.01,90.5,79.19
gibert-2018-shs,2,bin,10703,7.95,"{'0_no-hate': 0.888, '1_hate': 0.112}",th,-,-,-,-,-,-,-,77.11,0.97,79.93,98.44,99.65,97.23,0.0,0.0,0.0,99.38,98.49,99.38,98.39,99.38,99.78,95.26,64.6,0.0,0.0,0.0,91.65,79.47,92.25,81.22,91.65,82.75,94.47,59.76,0.0,0.0,0.0,90.28,76.02,91.12,78.98,90.28,80.63
gibert-2018-shs,2,bin,10703,7.95,"{'0_no-hate': 0.888, '1_hate': 0.112}",sampling_weightedRS_combi,-,-0.5,-,-,-,-,-,77.21,0.7,80.14,99.24,99.23,99.26,0.0,0.0,0.0,99.24,99.25,99.24,99.24,99.24,99.81,95.38,64.9,0.0,0.0,0.0,91.84,79.28,92.17,81.2,91.84,82.6,94.54,59.87,0.0,0.0,0.0,90.39,75.78,91.05,78.98,90.39,79.93
gibert-2018-shs,2,bin,10703,7.95,"{'0_no-hate': 0.888, '1_hate': 0.112}",augmentation_abusive_lexicon,-,-,5.0,0.1,3,-,-,77.25,0.22,79.83,99.28,99.76,98.8,0.0,0.0,0.0,99.6,99.35,99.6,99.21,99.6,99.86,95.53,64.13,0.0,0.0,0.0,92.06,80.49,92.11,79.62,92.06,82.75,94.87,59.62,0.0,0.0,0.0,90.91,77.53,91.11,77.51,90.91,80.36
gibert-2018-shs,2,bin,10703,7.95,"{'0_no-hate': 0.888, '1_hate': 0.112}",sampling_modifiedRS_oversampling,3,-,-,-,-,-,-,77.25,0.82,80.14,99.36,99.68,99.04,0.0,0.0,0.0,99.52,99.36,99.52,99.35,99.52,99.94,95.5,64.78,0.0,0.0,0.0,92.03,79.94,92.15,80.45,92.03,82.39,94.78,59.72,0.0,0.0,0.0,90.77,76.75,91.02,77.91,90.77,80.21
gibert-2018-shs,2,bin,10703,7.95,"{'0_no-hate': 0.888, '1_hate': 0.112}",fl,-,-,-,-,-,-,0.2,77.45,0.34,79.7,99.22,99.82,98.61,0.0,0.0,0.0,99.69,99.26,99.69,99.18,99.69,99.81,95.39,64.02,0.0,0.0,0.0,91.83,79.45,92.03,80.28,91.83,81.46,94.91,59.99,0.0,0.0,0.0,90.97,77.58,91.17,77.78,90.97,80.08
twitter-hate-speech-tsa,2,bin,31962,13.26,"{'0_non-hate': 0.93, '1_hate': 0.07}",th,-,-,-,-,-,-,-,86.18,1.1,86.54,99.04,99.87,98.21,0.0,0.0,0.0,99.75,99.13,99.75,98.95,99.75,99.83,98.06,75.02,0.0,0.0,0.0,96.4,85.85,96.51,87.39,96.4,90.56,98.02,74.34,0.0,0.0,0.0,96.32,85.79,96.43,86.78,96.32,90.57
twitter-hate-speech-tsa,2,bin,31962,13.26,"{'0_non-hate': 0.93, '1_hate': 0.07}",sampling_weightedRS_combi,-,-0.25,-,-,-,-,-,87.1,0.7,87.82,99.7,99.69,99.7,0.0,0.0,0.0,99.7,99.7,99.7,99.7,99.7,99.97,98.36,77.28,0.0,0.0,0.0,96.94,89.55,96.85,86.31,96.94,91.83,98.28,75.93,0.0,0.0,0.0,96.78,88.98,96.68,85.47,96.78,91.83
twitter-hate-speech-tsa,2,bin,31962,13.26,"{'0_non-hate': 0.93, '1_hate': 0.07}",augmentation_external_data_preprocessing,-,-,10.0,-,-,-,-,87.16,0.45,88.0,99.17,99.85,98.49,0.0,0.0,0.0,99.73,99.34,99.73,99.0,99.73,99.87,98.34,77.67,0.0,0.0,0.0,96.91,88.61,96.87,87.43,96.91,92.17,98.2,76.11,0.0,0.0,0.0,96.66,87.27,96.66,87.09,96.66,91.58
twitter-hate-speech-tsa,2,bin,31962,13.26,"{'0_non-hate': 0.93, '1_hate': 0.07}",sampling_modifiedRS_undersampling,7.5,-,-,-,-,-,-,87.16,0.29,87.68,99.41,99.86,98.96,0.0,0.0,0.0,99.76,99.34,99.76,99.49,99.76,99.9,98.37,76.99,0.0,0.0,0.0,96.95,90.04,96.85,85.77,96.95,91.55,98.3,76.02,0.0,0.0,0.0,96.83,89.68,96.73,85.19,96.83,91.81
twitter-hate-speech-tsa,2,bin,31962,13.26,"{'0_non-hate': 0.93, '1_hate': 0.07}",baseline,-,-,-,-,-,-,-,87.21,0.55,88.11,99.27,99.9,98.63,0.0,0.0,0.0,99.81,99.33,99.81,99.2,99.81,99.88,98.36,77.87,0.0,0.0,0.0,96.94,88.83,96.91,87.51,96.94,91.99,98.25,76.16,0.0,0.0,0.0,96.75,88.28,96.69,86.28,96.75,91.07
twitter-hate-speech-tsa,2,bin,31962,13.26,"{'0_non-hate': 0.93, '1_hate': 0.07}",augmentation_abusive_lexicon,-,-,10.0,0.3,3,-,-,87.36,0.54,88.0,99.35,99.88,98.82,0.0,0.0,0.0,99.79,99.38,99.79,99.33,99.79,99.92,98.37,77.64,0.0,0.0,0.0,96.96,89.17,96.88,86.94,96.96,91.79,98.27,76.45,0.0,0.0,0.0,96.77,88.2,96.71,86.57,96.77,91.72
twitter-hate-speech-tsa,2,bin,31962,13.26,"{'0_non-hate': 0.93, '1_hate': 0.07}",wfl,-,-,-,-,-,0.5,1.0,87.36,0.67,88.32,99.35,99.91,98.78,0.0,0.0,0.0,99.83,99.43,99.83,99.27,99.83,99.91,98.42,78.22,0.0,0.0,0.0,97.05,89.83,96.98,86.99,97.05,91.82,98.32,76.4,0.0,0.0,0.0,96.87,89.6,96.76,85.48,96.87,91.58
twitter-hate-speech-tsa,2,bin,31962,13.26,"{'0_non-hate': 0.93, '1_hate': 0.07}",wce,-,-,-,-,-,0.75,-,87.39,0.38,87.6,98.95,99.85,98.04,0.0,0.0,0.0,99.72,98.5,99.73,99.4,99.72,99.86,98.33,76.88,0.0,0.0,0.0,96.88,89.23,96.8,86.21,96.88,91.03,98.3,76.47,0.0,0.0,0.0,96.83,88.97,96.75,86.05,96.83,90.95
twitter-hate-speech-tsa,2,bin,31962,13.26,"{'0_non-hate': 0.93, '1_hate': 0.07}",augmentation_bert,-,-,3.0,0.1,3,-,-,87.49,0.52,88.1,99.64,99.82,99.45,0.0,0.0,0.0,99.73,99.64,99.73,99.63,99.73,99.97,98.38,77.82,0.0,0.0,0.0,96.99,89.45,96.92,86.92,96.99,91.07,98.3,76.68,0.0,0.0,0.0,96.84,88.79,96.77,86.4,96.84,91.4
twitter-hate-speech-tsa,2,bin,31962,13.26,"{'0_non-hate': 0.93, '1_hate': 0.07}",sampling_modifiedRS_oversampling,7.5,-,-,-,-,-,-,87.65,0.28,88.27,99.5,99.88,99.11,0.0,0.0,0.0,99.79,99.56,99.79,99.43,99.79,99.94,98.44,78.1,0.0,0.0,0.0,97.09,90.45,96.97,86.36,97.09,91.93,98.35,76.95,0.0,0.0,0.0,96.92,89.48,96.81,86.03,96.92,91.41
twitter-hate-speech-tsa,2,bin,31962,13.26,"{'0_non-hate': 0.93, '1_hate': 0.07}",fl,-,-,-,-,-,-,0.5,88.01,0.63,88.21,99.39,99.91,98.86,0.0,0.0,0.0,99.84,99.47,99.84,99.31,99.84,99.92,98.45,77.97,0.0,0.0,0.0,97.11,90.99,96.98,85.85,97.11,91.53,98.44,77.59,0.0,0.0,0.0,97.09,91.02,96.95,85.5,97.09,91.58
us-election-2020,2,bin,3000,7.52,"{'0_non-HOF': 0.883, '1_HOF': 0.117}",augmentation_abusive_lexicon,-,-,3.0,0.1,5,-,-,73.81,0.24,81.02,99.87,99.94,99.81,0.0,0.0,0.0,99.91,99.89,99.91,99.85,99.91,99.99,95.48,66.56,0.0,0.0,0.0,92.06,82.29,92.09,80.53,92.06,85.38,94.63,52.98,0.0,0.0,0.0,90.39,73.78,90.92,74.79,90.39,75.68
us-election-2020,2,bin,3000,7.52,"{'0_non-HOF': 0.883, '1_HOF': 0.117}",augmentation_bert,-,-,5.0,0.3,3,-,-,74.22,0.26,80.24,99.46,99.82,99.1,0.0,0.0,0.0,99.7,99.61,99.7,99.31,99.7,99.95,95.22,65.25,0.0,0.0,0.0,91.61,81.06,91.68,79.88,91.61,85.01,94.53,53.91,0.0,0.0,0.0,90.22,73.06,90.98,75.95,90.22,76.46
us-election-2020,2,bin,3000,7.52,"{'0_non-HOF': 0.883, '1_HOF': 0.117}",fl,-,-,-,-,-,-,0.1,74.44,2.76,81.92,99.27,99.82,98.72,0.0,0.0,0.0,99.69,99.12,99.69,99.43,99.69,99.91,95.56,68.28,0.0,0.0,0.0,92.22,82.61,92.43,81.8,92.22,84.78,94.48,54.4,0.0,0.0,0.0,90.17,73.46,91.16,76.43,90.17,77.38
us-election-2020,2,bin,3000,7.52,"{'0_non-HOF': 0.883, '1_HOF': 0.117}",wfl,-,-,-,-,-,0.9,2.0,74.73,2.25,82.52,96.87,99.12,94.62,0.0,0.0,0.0,98.48,95.39,98.82,98.94,98.48,99.2,95.91,69.14,0.0,0.0,0.0,92.78,83.67,92.57,81.53,92.78,85.49,94.9,54.55,0.0,0.0,0.0,90.83,74.25,91.05,75.29,90.83,77.09
us-election-2020,2,bin,3000,7.52,"{'0_non-HOF': 0.883, '1_HOF': 0.117}",sampling_weightedRS_combi,-,0.25,-,-,-,-,-,74.87,2.87,80.2,99.9,99.9,99.9,0.0,0.0,0.0,99.9,99.9,99.9,99.9,99.9,99.97,95.88,64.51,0.0,0.0,0.0,92.61,85.91,92.06,76.52,92.61,82.81,95.58,54.15,0.0,0.0,0.0,91.94,77.93,91.26,72.63,91.94,76.03
us-election-2020,2,bin,3000,7.52,"{'0_non-HOF': 0.883, '1_HOF': 0.117}",baseline,-,-,-,-,-,-,-,75.62,1.53,80.49,98.36,99.6,97.13,0.0,0.0,0.0,99.3,98.44,99.3,98.29,99.3,99.5,95.83,65.15,0.0,0.0,0.0,92.56,85.38,92.19,77.67,92.56,84.21,95.73,55.51,0.0,0.0,0.0,92.22,79.77,91.73,73.29,92.22,77.82
us-election-2020,2,bin,3000,7.52,"{'0_non-HOF': 0.883, '1_HOF': 0.117}",sampling_modifiedRS_oversampling,2.0,-,-,-,-,-,-,76.23,1.59,81.19,99.98,99.99,99.98,0.0,0.0,0.0,99.99,99.98,99.99,99.99,99.99,100.0,95.95,66.43,0.0,0.0,0.0,92.78,85.63,92.38,78.38,92.78,84.33,95.59,56.86,0.0,0.0,0.0,92.0,78.25,91.72,74.93,92.0,77.46
us-election-2020,2,bin,3000,7.52,"{'0_non-HOF': 0.883, '1_HOF': 0.117}",sampling_modifiedRS_undersampling,6.1,-,-,-,-,-,-,77.0,1.73,82.31,99.07,99.74,98.41,0.0,0.0,0.0,99.55,99.04,99.55,99.11,99.55,99.9,95.73,68.9,0.0,0.0,0.0,92.5,83.74,92.67,81.77,92.5,85.32,95.26,58.74,0.0,0.0,0.0,91.5,76.74,91.99,77.92,91.5,79.22
us-election-2020,2,bin,3000,7.52,"{'0_non-HOF': 0.883, '1_HOF': 0.117}",wce,-,-,-,-,-,0.9,-,77.02,0.99,81.16,96.59,99.1,94.08,0.0,0.0,0.0,98.44,94.75,98.63,98.79,98.44,99.06,95.63,66.7,0.0,0.0,0.0,92.28,82.65,92.05,80.07,92.28,84.01,95.16,58.88,0.0,0.0,0.0,91.33,75.58,91.93,78.83,91.33,78.38
us-election-2020,2,bin,3000,7.52,"{'0_non-HOF': 0.883, '1_HOF': 0.117}",th,-,-,-,-,-,-,-,77.06,2.34,80.26,99.61,99.91,99.32,0.0,0.0,0.0,99.83,99.64,99.83,99.58,99.83,99.94,95.51,65.01,0.0,0.0,0.0,92.06,82.79,91.83,78.76,92.06,83.11,95.4,58.73,0.0,0.0,0.0,91.72,76.63,91.93,77.79,91.72,78.29
