data_name,num_classes,data_type,size,rho,distribution,variant,sampling_modifiedRS_rho,sampling_weightedRS_percentage,augmentation_rho,augmentation_percentage,augmentation_top_k,wce_alpha,fl_gamma,val_f1_macro,test_f1_macro,test_f1_macro_std,train_f1_macro,train_f1_per_label_0,train_f1_per_label_1,train_f1_per_label_2,train_f1_per_label_3,train_f1_per_label_4,train_accuracy,train_precision_macro,train_precision_weighted,train_recall_macro,train_recall_weighted,train_auprc,val_f1_per_label_0,val_f1_per_label_1,val_f1_per_label_2,val_f1_per_label_3,val_f1_per_label_4,val_accuracy,val_precision_macro,val_precision_weighted,val_recall_macro,val_recall_weighted,val_auprc,test_f1_per_label_0,test_f1_per_label_1,test_f1_per_label_2,test_f1_per_label_3,test_f1_per_label_4,test_accuracy,test_precision_macro,test_precision_weighted,test_recall_macro,test_recall_weighted,test_auprc
civil-comments,2,bin,5000,11.53,"{'0_non-toxic': 0.92, '1_toxic': 0.08}",augmentation_abusive_lexicon,-,-,1.0,0.1,3,-,-,74.79,70.49,1.29,99.64,99.64,99.64,0.0,0.0,0.0,99.64,99.64,99.64,99.64,99.64,99.99,96.62,52.96,0.0,0.0,0.0,93.7,81.12,93.04,71.28,93.7,78.51,95.92,45.06,0.0,0.0,0.0,92.4,74.23,91.54,68.1,92.4,74.92
civil-comments,2,bin,5000,11.53,"{'0_non-toxic': 0.92, '1_toxic': 0.08}",augmentation_abusive_lexicon,-,-,1.0,0.1,5,-,-,77.25,72.72,1.5,99.87,99.87,99.87,0.0,0.0,0.0,99.87,99.87,99.87,99.87,99.87,100.0,96.39,58.12,0.0,0.0,0.0,93.37,78.55,93.51,77.18,93.37,79.78,95.35,50.08,0.0,0.0,0.0,91.5,72.02,92.12,74.27,91.5,75.8
civil-comments,2,bin,5000,11.53,"{'0_non-toxic': 0.92, '1_toxic': 0.08}",augmentation_abusive_lexicon,-,-,1.0,0.3,3,-,-,77.8,72.55,1.83,99.81,99.81,99.81,0.0,0.0,0.0,99.81,99.81,99.81,99.81,99.81,100.0,96.7,58.9,0.0,0.0,0.0,93.9,80.29,93.63,76.33,93.9,79.3,95.63,49.47,0.0,0.0,0.0,91.97,73.06,91.98,72.43,91.97,75.7
civil-comments,2,bin,5000,11.53,"{'0_non-toxic': 0.92, '1_toxic': 0.08}",augmentation_abusive_lexicon,-,-,1.0,0.3,5,-,-,77.43,73.29,1.24,99.72,99.72,99.72,0.0,0.0,0.0,99.72,99.72,99.72,99.72,99.72,99.99,96.32,58.54,0.0,0.0,0.0,93.23,76.96,93.38,78.06,93.23,79.09,95.3,51.29,0.0,0.0,0.0,91.43,71.64,92.25,75.56,91.43,77.53
civil-comments,2,bin,5000,11.53,"{'0_non-toxic': 0.92, '1_toxic': 0.08}",augmentation_abusive_lexicon,-,-,2.0,0.1,3,-,-,77.93,74.09,2.0,99.49,99.66,99.32,0.0,0.0,0.0,99.55,99.48,99.55,99.51,99.55,99.99,96.86,59.0,0.0,0.0,0.0,94.17,82.72,93.84,75.14,94.17,82.23,95.95,52.24,0.0,0.0,0.0,92.53,75.03,92.5,73.88,92.53,76.83
civil-comments,2,bin,5000,11.53,"{'0_non-toxic': 0.92, '1_toxic': 0.08}",augmentation_abusive_lexicon,-,-,2.0,0.1,5,-,-,77.95,72.5,2.3,99.59,99.73,99.46,0.0,0.0,0.0,99.64,99.59,99.64,99.6,99.64,99.98,96.76,59.13,0.0,0.0,0.0,94.0,80.68,93.61,75.82,94.0,80.35,95.89,49.1,0.0,0.0,0.0,92.4,74.25,92.0,71.33,92.4,75.65
civil-comments,2,bin,5000,11.53,"{'0_non-toxic': 0.92, '1_toxic': 0.08}",augmentation_abusive_lexicon,-,-,2.0,0.3,3,-,-,77.17,74.52,3.41,99.79,99.86,99.72,0.0,0.0,0.0,99.81,99.79,99.81,99.79,99.81,99.98,97.0,57.35,0.0,0.0,0.0,94.4,84.48,93.77,72.8,94.4,80.84,96.47,52.56,0.0,0.0,0.0,93.43,78.9,92.73,71.51,93.43,78.52
civil-comments,2,bin,5000,11.53,"{'0_non-toxic': 0.92, '1_toxic': 0.08}",augmentation_abusive_lexicon,-,-,2.0,0.3,5,-,-,77.33,73.51,2.16,99.54,99.69,99.38,0.0,0.0,0.0,99.59,99.52,99.59,99.55,99.59,99.97,96.96,57.69,0.0,0.0,0.0,94.33,84.13,93.79,73.33,94.33,80.91,96.19,50.83,0.0,0.0,0.0,92.93,76.92,92.42,71.43,92.93,78.71
civil-comments,2,bin,5000,11.53,"{'0_non-toxic': 0.92, '1_toxic': 0.08}",augmentation_abusive_lexicon,-,-,3.0,0.1,3,-,-,78.71,73.91,1.45,99.53,99.76,99.29,0.0,0.0,0.0,99.65,99.54,99.65,99.52,99.65,99.97,96.99,60.42,0.0,0.0,0.0,94.4,83.29,93.99,75.65,94.4,81.28,95.79,52.04,0.0,0.0,0.0,92.27,74.09,92.42,74.3,92.27,77.8
civil-comments,2,bin,5000,11.53,"{'0_non-toxic': 0.92, '1_toxic': 0.08}",augmentation_abusive_lexicon,-,-,3.0,0.1,5,-,-,78.59,74.75,2.35,99.6,99.8,99.4,0.0,0.0,0.0,99.7,99.63,99.7,99.57,99.7,99.96,96.69,60.48,0.0,0.0,0.0,93.9,79.63,93.72,77.66,93.9,79.58,95.96,53.53,0.0,0.0,0.0,92.57,74.79,92.59,74.85,92.57,76.57
civil-comments,2,bin,5000,11.53,"{'0_non-toxic': 0.92, '1_toxic': 0.08}",augmentation_abusive_lexicon,-,-,3.0,0.3,3,-,-,78.21,75.05,1.51,99.79,99.9,99.69,0.0,0.0,0.0,99.85,99.79,99.85,99.8,99.85,100.0,96.7,59.73,0.0,0.0,0.0,93.9,79.86,93.64,76.9,93.9,79.31,95.81,54.29,0.0,0.0,0.0,92.33,74.56,92.74,76.05,92.33,79.49
civil-comments,2,bin,5000,11.53,"{'0_non-toxic': 0.92, '1_toxic': 0.08}",augmentation_abusive_lexicon,-,-,3.0,0.3,5,-,-,78.95,75.52,1.95,99.65,99.83,99.47,0.0,0.0,0.0,99.74,99.69,99.74,99.61,99.74,99.93,96.98,60.91,0.0,0.0,0.0,94.4,82.54,93.95,76.22,94.4,81.04,96.3,54.73,0.0,0.0,0.0,93.17,77.05,92.83,74.22,93.17,79.45
civil-comments,2,bin,5000,11.53,"{'0_non-toxic': 0.92, '1_toxic': 0.08}",augmentation_abusive_lexicon,-,-,5.0,0.1,3,-,-,79.02,75.67,0.96,99.6,99.87,99.34,0.0,0.0,0.0,99.78,99.63,99.78,99.58,99.78,99.99,96.63,61.41,0.0,0.0,0.0,93.8,78.93,93.83,79.13,93.8,82.07,95.84,55.5,0.0,0.0,0.0,92.4,74.38,92.88,77.23,92.4,78.74
civil-comments,2,bin,5000,11.53,"{'0_non-toxic': 0.92, '1_toxic': 0.08}",augmentation_abusive_lexicon,-,-,5.0,0.1,5,-,-,77.79,72.05,1.89,99.2,99.73,98.67,0.0,0.0,0.0,99.56,99.32,99.56,99.08,99.56,99.92,96.61,58.98,0.0,0.0,0.0,93.73,79.15,93.49,76.62,93.73,80.69,95.58,48.51,0.0,0.0,0.0,91.87,72.32,91.78,71.8,91.87,76.34
civil-comments,2,bin,5000,11.53,"{'0_non-toxic': 0.92, '1_toxic': 0.08}",augmentation_abusive_lexicon,-,-,5.0,0.3,3,-,-,78.91,73.35,0.89,99.48,99.82,99.13,0.0,0.0,0.0,99.71,99.49,99.71,99.46,99.71,99.86,96.96,60.85,0.0,0.0,0.0,94.37,82.46,93.97,76.39,94.37,79.86,95.86,50.85,0.0,0.0,0.0,92.37,74.46,92.25,72.84,92.37,76.79
civil-comments,2,bin,5000,11.53,"{'0_non-toxic': 0.92, '1_toxic': 0.08}",augmentation_abusive_lexicon,-,-,5.0,0.3,5,-,-,77.63,73.78,1.88,98.97,99.66,98.28,0.0,0.0,0.0,99.43,99.0,99.43,98.93,99.43,99.79,96.6,58.65,0.0,0.0,0.0,93.73,80.75,93.76,76.62,93.73,81.41,95.71,51.86,0.0,0.0,0.0,92.13,74.45,92.57,74.8,92.13,77.78
civil-comments,2,bin,5000,11.53,"{'0_non-toxic': 0.92, '1_toxic': 0.08}",augmentation_abusive_lexicon,-,-,7.5,0.1,3,-,-,78.4,74.62,1.98,98.14,99.57,96.71,0.0,0.0,0.0,99.23,98.52,99.23,97.77,99.23,99.65,96.81,59.98,0.0,0.0,0.0,94.1,81.45,93.82,76.44,94.1,81.48,96.02,53.21,0.0,0.0,0.0,92.67,75.33,92.6,74.33,92.67,78.56
civil-comments,2,bin,5000,11.53,"{'0_non-toxic': 0.92, '1_toxic': 0.08}",augmentation_abusive_lexicon,-,-,7.5,0.1,5,-,-,78.94,73.65,1.87,98.21,99.58,96.84,0.0,0.0,0.0,99.27,98.66,99.26,97.78,99.27,99.47,96.98,60.9,0.0,0.0,0.0,94.4,82.67,93.97,76.22,94.4,81.0,96.05,51.25,0.0,0.0,0.0,92.7,75.37,92.33,72.45,92.7,77.68
civil-comments,2,bin,5000,11.53,"{'0_non-toxic': 0.92, '1_toxic': 0.08}",augmentation_abusive_lexicon,-,-,7.5,0.3,3,-,-,77.77,75.13,0.93,99.38,99.86,98.91,0.0,0.0,0.0,99.74,99.62,99.74,99.15,99.74,99.82,96.84,58.69,0.0,0.0,0.0,94.13,81.98,93.69,74.94,94.13,81.54,96.23,54.03,0.0,0.0,0.0,93.03,76.67,92.74,73.96,93.03,79.98
civil-comments,2,bin,5000,11.53,"{'0_non-toxic': 0.92, '1_toxic': 0.08}",augmentation_abusive_lexicon,-,-,7.5,0.3,5,-,-,78.76,74.25,0.93,99.13,99.79,98.46,0.0,0.0,0.0,99.64,99.36,99.64,98.89,99.64,99.91,96.93,60.59,0.0,0.0,0.0,94.3,81.85,93.86,76.36,94.3,80.16,96.11,52.4,0.0,0.0,0.0,92.8,75.67,92.46,73.07,92.8,78.65
civil-comments,2,bin,5000,11.53,"{'0_non-toxic': 0.92, '1_toxic': 0.08}",augmentation_bert,-,-,5.0,0.1,3,-,-,79.12,73.81,1.85,99.19,99.73,98.64,0.0,0.0,0.0,99.55,99.24,99.55,99.13,99.55,99.94,97.16,61.08,0.0,0.0,0.0,94.7,85.16,94.21,75.24,94.7,83.3,96.25,51.38,0.0,0.0,0.0,93.03,76.8,92.43,71.68,93.03,78.48
civil-comments,2,bin,5000,11.53,"{'0_non-toxic': 0.92, '1_toxic': 0.08}",augmentation_bert,-,-,5.0,0.1,5,-,-,79.6,75.88,1.43,98.93,99.64,98.22,0.0,0.0,0.0,99.41,98.92,99.41,98.94,99.41,99.87,96.8,62.41,0.0,0.0,0.0,94.1,81.01,94.12,78.91,94.1,82.15,96.08,55.68,0.0,0.0,0.0,92.8,76.21,93.03,76.3,92.8,78.5
civil-comments,2,bin,5000,11.53,"{'0_non-toxic': 0.92, '1_toxic': 0.08}",augmentation_bert,-,-,5.0,0.3,3,-,-,79.29,75.39,1.14,99.47,99.83,99.12,0.0,0.0,0.0,99.71,99.53,99.71,99.42,99.71,99.91,96.6,61.97,0.0,0.0,0.0,93.77,78.88,93.93,79.87,93.77,81.15,95.89,54.9,0.0,0.0,0.0,92.47,74.83,92.82,76.31,92.47,78.98
civil-comments,2,bin,5000,11.53,"{'0_non-toxic': 0.92, '1_toxic': 0.08}",augmentation_bert,-,-,5.0,0.3,5,-,-,77.51,75.38,2.08,99.6,99.87,99.34,0.0,0.0,0.0,99.78,99.63,99.78,99.58,99.78,99.99,96.82,58.2,0.0,0.0,0.0,94.1,81.63,93.69,75.3,94.1,80.69,96.28,54.48,0.0,0.0,0.0,93.13,77.39,92.92,74.39,93.13,77.7
civil-comments,2,bin,5000,11.53,"{'0_non-toxic': 0.92, '1_toxic': 0.08}",augmentation_bert,-,-,7.5,0.1,3,-,-,78.92,77.11,1.78,99.46,99.87,99.05,0.0,0.0,0.0,99.78,99.52,99.78,99.4,99.78,99.94,96.71,61.14,0.0,0.0,0.0,93.93,79.77,93.83,78.25,93.93,81.46,96.2,58.02,0.0,0.0,0.0,93.03,76.38,93.28,77.95,93.03,80.74
civil-comments,2,bin,5000,11.53,"{'0_non-toxic': 0.92, '1_toxic': 0.08}",augmentation_bert,-,-,7.5,0.1,5,-,-,79.2,75.1,1.81,99.38,99.86,98.91,0.0,0.0,0.0,99.74,99.58,99.74,99.19,99.74,99.85,96.56,61.83,0.0,0.0,0.0,93.7,79.4,94.05,80.03,93.7,81.23,95.69,54.51,0.0,0.0,0.0,92.13,73.73,92.81,77.27,92.13,78.86
civil-comments,2,bin,5000,11.53,"{'0_non-toxic': 0.92, '1_toxic': 0.08}",augmentation_bert,-,-,7.5,0.3,3,-,-,79.37,73.34,1.83,99.07,99.78,98.36,0.0,0.0,0.0,99.62,99.23,99.62,98.92,99.62,99.9,96.46,62.27,0.0,0.0,0.0,93.53,79.4,94.23,81.08,93.53,81.86,95.21,51.46,0.0,0.0,0.0,91.3,72.48,92.48,76.06,91.3,78.0
civil-comments,2,bin,5000,11.53,"{'0_non-toxic': 0.92, '1_toxic': 0.08}",augmentation_bert,-,-,7.5,0.3,5,-,-,78.69,73.28,4.07,99.41,99.86,98.96,0.0,0.0,0.0,99.76,99.58,99.75,99.24,99.76,99.92,96.53,60.85,0.0,0.0,0.0,93.63,78.56,93.8,79.23,93.63,80.62,95.54,51.03,0.0,0.0,0.0,91.83,72.66,92.29,74.83,91.83,78.36
civil-comments,2,bin,5000,11.53,"{'0_non-toxic': 0.92, '1_toxic': 0.08}",augmentation_external_data_preprocessing,-,-,2.0,-,-,-,-,79.5,76.77,3.04,99.7,99.8,99.6,0.0,0.0,0.0,99.73,99.71,99.73,99.69,99.73,99.97,96.96,62.04,0.0,0.0,0.0,94.37,82.18,94.08,77.54,94.37,82.39,96.34,57.21,0.0,0.0,0.0,93.27,77.51,93.28,76.75,93.27,80.8
civil-comments,2,bin,5000,11.53,"{'0_non-toxic': 0.92, '1_toxic': 0.08}",augmentation_external_data_preprocessing,-,-,3.0,-,-,-,-,77.88,76.76,1.11,99.06,99.53,98.58,0.0,0.0,0.0,99.29,99.19,99.29,98.93,99.29,99.91,96.48,59.27,0.0,0.0,0.0,93.53,78.81,93.64,77.84,93.53,79.67,96.34,57.18,0.0,0.0,0.0,93.27,78.52,93.36,76.18,93.27,80.7
civil-comments,2,bin,5000,11.53,"{'0_non-toxic': 0.92, '1_toxic': 0.08}",augmentation_external_data_preprocessing,-,-,5.0,-,-,-,-,78.86,75.35,0.69,99.53,99.84,99.22,0.0,0.0,0.0,99.74,99.55,99.74,99.51,99.74,99.97,96.71,61.01,0.0,0.0,0.0,93.93,80.47,93.91,78.06,93.93,80.12,96.13,54.58,0.0,0.0,0.0,92.87,76.43,92.87,75.01,92.87,78.91
civil-comments,2,bin,5000,11.53,"{'0_non-toxic': 0.92, '1_toxic': 0.08}",augmentation_external_data_preprocessing,-,-,7.5,-,-,-,-,78.15,74.62,0.32,99.46,99.87,99.05,0.0,0.0,0.0,99.78,99.41,99.78,99.52,99.78,99.97,96.89,59.4,0.0,0.0,0.0,94.23,83.1,93.9,75.18,94.23,81.66,96.18,53.06,0.0,0.0,0.0,92.93,76.74,92.67,73.33,92.93,80.94
civil-comments,2,bin,5000,11.53,"{'0_non-toxic': 0.92, '1_toxic': 0.08}",baseline,-,-,-,-,-,-,-,78.25,75.99,0.46,98.51,99.76,97.26,0.0,0.0,0.0,99.57,98.73,99.56,98.3,99.57,99.7,96.7,59.81,0.0,0.0,0.0,93.9,80.31,93.72,76.9,93.9,80.72,95.94,56.04,0.0,0.0,0.0,92.57,75.09,93.01,77.32,92.57,80.33
civil-comments,2,bin,5000,11.53,"{'0_non-toxic': 0.92, '1_toxic': 0.08}",fl,-,-,-,-,-,-,0.1,78.74,75.61,1.3,99.01,99.84,98.17,0.0,0.0,0.0,99.71,99.19,99.71,98.82,99.71,99.93,96.77,60.7,0.0,0.0,0.0,94.03,80.69,93.84,77.36,94.03,82.05,96.06,55.17,0.0,0.0,0.0,92.77,76.07,92.98,76.1,92.77,79.95
civil-comments,2,bin,5000,11.53,"{'0_non-toxic': 0.92, '1_toxic': 0.08}",fl,-,-,-,-,-,-,0.2,78.8,76.17,1.38,98.41,99.75,97.08,0.0,0.0,0.0,99.53,98.29,99.53,98.54,99.53,99.49,96.69,60.91,0.0,0.0,0.0,93.9,79.47,93.78,78.23,93.9,81.33,96.0,56.34,0.0,0.0,0.0,92.67,75.14,93.01,77.37,92.67,80.63
civil-comments,2,bin,5000,11.53,"{'0_non-toxic': 0.92, '1_toxic': 0.08}",fl,-,-,-,-,-,-,0.5,79.42,76.75,0.91,99.13,99.86,98.41,0.0,0.0,0.0,99.74,99.04,99.75,99.22,99.74,99.86,96.9,61.94,0.0,0.0,0.0,94.27,81.37,94.01,77.86,94.27,82.5,96.29,57.2,0.0,0.0,0.0,93.17,76.81,93.16,76.69,93.17,79.04
civil-comments,2,bin,5000,11.53,"{'0_non-toxic': 0.92, '1_toxic': 0.08}",fl,-,-,-,-,-,-,1.0,77.43,75.26,1.24,98.59,99.78,97.41,0.0,0.0,0.0,99.59,98.75,99.59,98.44,99.59,99.81,96.71,58.15,0.0,0.0,0.0,93.9,80.48,93.49,75.19,93.9,80.46,96.25,54.27,0.0,0.0,0.0,93.07,77.09,92.84,74.17,93.07,79.46
civil-comments,2,bin,5000,11.53,"{'0_non-toxic': 0.92, '1_toxic': 0.08}",fl,-,-,-,-,-,-,2.0,78.46,74.33,1.94,98.07,99.69,96.46,0.0,0.0,0.0,99.43,97.99,99.44,98.16,99.43,99.44,97.03,59.9,0.0,0.0,0.0,94.47,84.14,94.02,74.93,94.47,82.49,96.08,52.59,0.0,0.0,0.0,92.77,75.83,92.57,73.62,92.77,78.2
civil-comments,2,bin,5000,11.53,"{'0_non-toxic': 0.92, '1_toxic': 0.08}",fl,-,-,-,-,-,-,5.0,78.93,73.5,1.28,99.01,99.84,98.18,0.0,0.0,0.0,99.71,99.13,99.71,98.89,99.71,99.79,97.18,60.68,0.0,0.0,0.0,94.73,85.56,94.2,74.69,94.73,82.67,96.25,50.76,0.0,0.0,0.0,93.03,76.95,92.37,71.11,93.03,79.14
civil-comments,2,bin,5000,11.53,"{'0_non-toxic': 0.92, '1_toxic': 0.08}",sampling_modifiedRS_oversampling,1.0,-,-,-,-,-,-,77.11,73.89,1.04,99.76,99.76,99.76,0.0,0.0,0.0,99.76,99.76,99.76,99.76,99.76,99.99,96.77,57.45,0.0,0.0,0.0,94.0,81.11,93.46,74.29,94.0,79.85,96.15,51.64,0.0,0.0,0.0,92.87,76.24,92.42,72.16,92.87,76.47
civil-comments,2,bin,5000,11.53,"{'0_non-toxic': 0.92, '1_toxic': 0.08}",sampling_modifiedRS_oversampling,2.0,-,-,-,-,-,-,77.91,73.67,3.71,99.69,99.79,99.59,0.0,0.0,0.0,99.73,99.67,99.73,99.72,99.73,99.97,96.88,58.95,0.0,0.0,0.0,94.2,82.01,93.69,74.97,94.2,81.59,95.88,51.46,0.0,0.0,0.0,92.4,74.14,92.25,73.23,92.4,76.99
civil-comments,2,bin,5000,11.53,"{'0_non-toxic': 0.92, '1_toxic': 0.08}",sampling_modifiedRS_oversampling,3.0,-,-,-,-,-,-,78.24,74.13,1.77,99.7,99.85,99.55,0.0,0.0,0.0,99.77,99.7,99.77,99.69,99.77,99.97,96.91,59.57,0.0,0.0,0.0,94.27,82.3,93.8,75.39,94.27,80.21,96.05,52.21,0.0,0.0,0.0,92.7,75.56,92.44,73.02,92.7,76.64
civil-comments,2,bin,5000,11.53,"{'0_non-toxic': 0.92, '1_toxic': 0.08}",sampling_modifiedRS_oversampling,5.0,-,-,-,-,-,-,78.84,75.85,2.6,99.47,99.83,99.12,0.0,0.0,0.0,99.71,99.51,99.71,99.44,99.71,99.96,96.93,60.76,0.0,0.0,0.0,94.3,82.33,93.94,76.36,94.3,82.3,96.28,55.42,0.0,0.0,0.0,93.13,77.4,92.97,74.77,93.13,78.51
civil-comments,2,bin,5000,11.53,"{'0_non-toxic': 0.92, '1_toxic': 0.08}",sampling_modifiedRS_oversampling,7.5,-,-,-,-,-,-,78.46,76.16,1.09,98.32,99.61,97.03,0.0,0.0,0.0,99.31,98.78,99.31,97.89,99.31,99.7,96.52,60.41,0.0,0.0,0.0,93.6,78.4,93.68,78.64,93.6,80.87,96.0,56.33,0.0,0.0,0.0,92.67,75.26,93.04,77.37,92.67,77.99
civil-comments,2,bin,5000,11.53,"{'0_non-toxic': 0.92, '1_toxic': 0.08}",sampling_modifiedRS_undersampling,1.0,-,-,-,-,-,-,78.75,71.98,2.54,96.02,96.06,95.98,0.0,0.0,0.0,96.03,96.08,96.08,96.03,96.03,99.19,96.33,61.16,0.0,0.0,0.0,93.3,77.16,93.82,80.76,93.3,82.47,94.92,49.04,0.0,0.0,0.0,90.77,70.04,91.91,74.82,90.77,74.56
civil-comments,2,bin,5000,11.53,"{'0_non-toxic': 0.92, '1_toxic': 0.08}",sampling_modifiedRS_undersampling,2.0,-,-,-,-,-,-,79.24,74.76,0.94,98.64,99.09,98.2,0.0,0.0,0.0,98.79,98.54,98.8,98.74,98.79,99.75,96.92,61.56,0.0,0.0,0.0,94.3,81.78,93.99,77.31,94.3,81.7,96.1,53.41,0.0,0.0,0.0,92.8,75.65,92.6,74.02,92.8,76.69
civil-comments,2,bin,5000,11.53,"{'0_non-toxic': 0.92, '1_toxic': 0.08}",sampling_modifiedRS_undersampling,3.0,-,-,-,-,-,-,79.88,73.97,2.66,98.74,99.37,98.12,0.0,0.0,0.0,99.06,98.69,99.07,98.81,99.06,99.87,96.79,62.97,0.0,0.0,0.0,94.1,80.32,94.12,79.67,94.1,80.21,95.71,52.23,0.0,0.0,0.0,92.13,73.34,92.37,74.8,92.13,77.39
civil-comments,2,bin,5000,11.53,"{'0_non-toxic': 0.92, '1_toxic': 0.08}",sampling_modifiedRS_undersampling,5.0,-,-,-,-,-,-,78.42,74.18,1.3,97.96,99.32,96.6,0.0,0.0,0.0,98.86,97.78,98.87,98.15,98.86,99.25,97.09,59.76,0.0,0.0,0.0,94.57,84.63,94.01,74.41,94.57,81.36,96.24,52.13,0.0,0.0,0.0,93.03,77.08,92.56,72.25,93.03,78.76
civil-comments,2,bin,5000,11.53,"{'0_non-toxic': 0.92, '1_toxic': 0.08}",sampling_modifiedRS_undersampling,7.5,-,-,-,-,-,-,78.31,74.49,1.51,98.58,99.67,97.5,0.0,0.0,0.0,99.41,98.41,99.41,98.76,99.41,99.75,96.46,60.17,0.0,0.0,0.0,93.5,77.88,93.65,78.97,93.5,79.8,95.52,53.47,0.0,0.0,0.0,91.83,72.72,92.57,76.73,91.83,78.05
civil-comments,2,bin,5000,11.53,"{'0_non-toxic': 0.92, '1_toxic': 0.08}",sampling_weightedRS_combi,-,-0.5,-,-,-,-,-,78.62,71.93,1.53,99.02,99.0,99.04,0.0,0.0,0.0,99.02,99.03,99.02,99.01,99.02,99.76,96.29,60.96,0.0,0.0,0.0,93.23,77.79,93.89,80.53,93.23,82.57,94.87,48.98,0.0,0.0,0.0,90.7,70.74,92.0,74.59,90.7,74.03
civil-comments,2,bin,5000,11.53,"{'0_non-toxic': 0.92, '1_toxic': 0.08}",sampling_weightedRS_combi,-,-0.25,-,-,-,-,-,79.57,74.15,2.78,99.47,99.47,99.46,0.0,0.0,0.0,99.47,99.47,99.47,99.46,99.47,99.92,96.88,62.26,0.0,0.0,0.0,94.23,81.43,94.14,78.61,94.23,81.25,95.75,52.56,0.0,0.0,0.0,92.2,73.65,92.49,75.22,92.2,77.77
civil-comments,2,bin,5000,11.53,"{'0_non-toxic': 0.92, '1_toxic': 0.08}",sampling_weightedRS_combi,-,0.0,-,-,-,-,-,78.53,72.86,1.92,99.61,99.61,99.62,0.0,0.0,0.0,99.61,99.61,99.61,99.61,99.61,99.95,96.64,60.43,0.0,0.0,0.0,93.8,79.11,93.69,77.99,93.8,81.36,95.55,50.17,0.0,0.0,0.0,91.83,72.54,92.03,73.31,91.83,77.13
civil-comments,2,bin,5000,11.53,"{'0_non-toxic': 0.92, '1_toxic': 0.08}",sampling_weightedRS_combi,-,0.25,-,-,-,-,-,77.95,74.67,1.94,99.71,99.7,99.71,0.0,0.0,0.0,99.71,99.71,99.71,99.71,99.71,99.93,96.6,59.31,0.0,0.0,0.0,93.73,80.28,93.74,77.0,93.73,80.93,95.75,53.58,0.0,0.0,0.0,92.23,74.82,92.7,75.43,92.23,76.63
civil-comments,2,bin,5000,11.53,"{'0_non-toxic': 0.92, '1_toxic': 0.08}",sampling_weightedRS_combi,-,0.5,-,-,-,-,-,78.69,73.12,1.76,99.48,99.48,99.48,0.0,0.0,0.0,99.48,99.48,99.48,99.48,99.48,99.95,96.69,60.68,0.0,0.0,0.0,93.9,79.81,93.77,77.85,93.9,79.34,95.61,50.64,0.0,0.0,0.0,91.93,72.75,92.1,73.55,91.93,76.05
civil-comments,2,bin,5000,11.53,"{'0_non-toxic': 0.92, '1_toxic': 0.08}",sampling_weightedRS_combi,-,0.75,-,-,-,-,-,77.82,74.34,1.74,99.69,99.69,99.69,0.0,0.0,0.0,99.69,99.69,99.69,99.69,99.69,99.99,96.28,59.36,0.0,0.0,0.0,93.2,77.74,93.63,78.8,93.2,79.53,95.49,53.18,0.0,0.0,0.0,91.8,73.9,92.69,76.14,91.8,77.92
civil-comments,2,bin,5000,11.53,"{'0_non-toxic': 0.92, '1_toxic': 0.08}",th,-,-,-,-,-,-,-,78.11,75.27,2.12,99.13,99.86,98.4,0.0,0.0,0.0,99.74,99.1,99.75,99.16,99.74,99.93,96.84,59.38,0.0,0.0,0.0,94.13,81.29,93.68,75.7,94.13,78.12,96.17,54.36,0.0,0.0,0.0,92.93,76.03,92.75,74.66,92.93,77.44
civil-comments,2,bin,5000,11.53,"{'0_non-toxic': 0.92, '1_toxic': 0.08}",wce,-,-,-,-,-,0.1,-,76.09,74.18,0.68,96.85,99.53,94.17,0.0,0.0,0.0,99.13,99.31,99.14,94.75,99.13,99.34,96.73,55.45,0.0,0.0,0.0,93.9,81.22,93.25,72.72,93.9,79.46,96.09,52.28,0.0,0.0,0.0,92.77,75.54,92.44,73.05,92.77,76.48
civil-comments,2,bin,5000,11.53,"{'0_non-toxic': 0.92, '1_toxic': 0.08}",wce,-,-,-,-,-,0.25,-,77.49,77.21,0.89,98.92,99.83,98.01,0.0,0.0,0.0,99.69,99.43,99.69,98.43,99.69,99.88,96.98,58.0,0.0,0.0,0.0,94.37,83.69,93.75,73.54,94.37,79.17,96.73,57.7,0.0,0.0,0.0,93.93,80.71,93.45,74.64,93.93,78.78
civil-comments,2,bin,5000,11.53,"{'0_non-toxic': 0.92, '1_toxic': 0.08}",wce,-,-,-,-,-,0.75,-,79.66,73.55,0.54,98.54,99.76,97.32,0.0,0.0,0.0,99.57,98.04,99.58,99.06,99.57,99.91,96.93,62.39,0.0,0.0,0.0,94.33,81.52,94.12,78.47,94.33,82.1,95.44,51.66,0.0,0.0,0.0,91.67,72.37,92.31,75.31,91.67,77.8
civil-comments,2,bin,5000,11.53,"{'0_non-toxic': 0.92, '1_toxic': 0.08}",wce,-,-,-,-,-,0.9,-,79.22,75.47,2.0,97.93,99.65,96.2,0.0,0.0,0.0,99.37,96.7,99.41,99.27,99.37,98.98,96.58,61.85,0.0,0.0,0.0,93.73,78.97,93.98,80.05,93.73,82.06,95.42,55.52,0.0,0.0,0.0,91.7,73.09,93.0,79.13,91.7,78.85
civil-comments,2,bin,5000,11.53,"{'0_non-toxic': 0.92, '1_toxic': 0.08}",wce,-,-,-,-,-,0.92,-,77.16,74.73,1.91,96.78,99.42,94.15,0.0,0.0,0.0,98.94,94.99,99.15,99.11,98.94,98.91,95.77,58.54,0.0,0.0,0.0,92.33,74.57,93.5,81.0,92.33,80.18,95.04,54.42,0.0,0.0,0.0,91.07,71.74,92.92,79.74,91.07,78.12
civil-comments,2,bin,5000,11.53,"{'0_non-toxic': 0.92, '1_toxic': 0.08}",wce,-,-,-,-,-,0.99,-,75.7,75.14,1.0,78.51,94.44,62.57,0.0,0.0,0.0,90.33,73.01,95.58,94.05,90.33,89.51,95.29,56.1,0.0,0.0,0.0,91.5,72.48,93.17,80.73,91.5,78.03,94.95,55.33,0.0,0.0,0.0,90.93,71.56,93.19,81.57,90.93,76.97
civil-comments,2,bin,5000,11.53,"{'0_non-toxic': 0.92, '1_toxic': 0.08}",wfl,-,-,-,-,-,0.1,0.1,74.53,75.77,1.56,96.98,99.54,94.42,0.0,0.0,0.0,99.16,99.26,99.16,94.95,99.16,99.28,96.57,52.49,0.0,0.0,0.0,93.6,80.31,92.88,71.03,93.6,76.64,96.53,55.0,0.0,0.0,0.0,93.57,79.33,93.05,73.3,93.57,76.03
civil-comments,2,bin,5000,11.53,"{'0_non-toxic': 0.92, '1_toxic': 0.08}",wfl,-,-,-,-,-,0.1,0.2,76.18,74.06,1.64,97.55,99.63,95.47,0.0,0.0,0.0,99.32,99.56,99.33,95.81,99.32,99.64,96.93,55.43,0.0,0.0,0.0,94.27,85.02,93.72,71.78,94.27,77.09,96.32,51.8,0.0,0.0,0.0,93.17,77.83,92.61,71.75,93.17,75.15
civil-comments,2,bin,5000,11.53,"{'0_non-toxic': 0.92, '1_toxic': 0.08}",wfl,-,-,-,-,-,0.1,0.5,74.84,72.2,1.89,99.15,99.87,98.44,0.0,0.0,0.0,99.76,99.87,99.76,98.47,99.76,99.73,96.78,52.9,0.0,0.0,0.0,93.97,82.7,93.17,70.47,93.97,78.57,95.99,48.4,0.0,0.0,0.0,92.57,74.92,91.95,70.28,92.57,74.99
civil-comments,2,bin,5000,11.53,"{'0_non-toxic': 0.92, '1_toxic': 0.08}",wfl,-,-,-,-,-,0.1,1.0,75.35,74.43,2.18,97.59,99.63,95.55,0.0,0.0,0.0,99.32,99.49,99.32,95.87,99.32,99.74,96.63,54.07,0.0,0.0,0.0,93.73,80.95,93.16,72.25,93.73,79.77,96.24,52.62,0.0,0.0,0.0,93.03,77.15,92.69,73.01,93.03,77.6
civil-comments,2,bin,5000,11.53,"{'0_non-toxic': 0.92, '1_toxic': 0.08}",wfl,-,-,-,-,-,0.1,2.0,76.62,74.1,0.39,95.94,99.4,92.48,0.0,0.0,0.0,98.89,99.03,98.89,93.34,98.89,99.38,96.87,56.37,0.0,0.0,0.0,94.17,83.41,93.65,73.05,94.17,80.48,96.12,52.08,0.0,0.0,0.0,92.83,76.17,92.49,72.71,92.83,77.98
civil-comments,2,bin,5000,11.53,"{'0_non-toxic': 0.92, '1_toxic': 0.08}",wfl,-,-,-,-,-,0.1,5.0,76.19,73.85,1.34,95.19,99.39,90.99,0.0,0.0,0.0,98.86,99.06,98.87,93.01,98.86,97.84,96.84,55.54,0.0,0.0,0.0,94.1,82.6,93.4,72.26,94.1,80.26,96.4,51.31,0.0,0.0,0.0,93.3,78.61,92.6,70.87,93.3,77.16
civil-comments,2,bin,5000,11.53,"{'0_non-toxic': 0.92, '1_toxic': 0.08}",wfl,-,-,-,-,-,0.25,0.1,77.59,73.81,1.44,99.39,99.9,98.87,0.0,0.0,0.0,99.82,99.84,99.82,98.95,99.82,99.84,96.65,58.54,0.0,0.0,0.0,93.8,80.26,93.6,76.09,93.8,79.78,95.91,51.71,0.0,0.0,0.0,92.47,74.63,92.37,73.46,92.47,76.33
civil-comments,2,bin,5000,11.53,"{'0_non-toxic': 0.92, '1_toxic': 0.08}",wfl,-,-,-,-,-,0.25,0.2,76.95,75.09,1.82,98.96,99.84,98.08,0.0,0.0,0.0,99.7,99.64,99.7,98.31,99.7,99.66,96.81,57.1,0.0,0.0,0.0,94.07,81.78,93.49,73.76,94.07,79.16,96.35,53.82,0.0,0.0,0.0,93.23,77.58,92.79,73.31,93.23,78.72
civil-comments,2,bin,5000,11.53,"{'0_non-toxic': 0.92, '1_toxic': 0.08}",wfl,-,-,-,-,-,0.25,0.5,78.01,74.7,2.14,99.39,99.9,98.87,0.0,0.0,0.0,99.82,99.77,99.82,99.01,99.82,99.8,96.66,59.37,0.0,0.0,0.0,93.83,80.17,93.7,76.87,93.83,79.87,95.98,53.43,0.0,0.0,0.0,92.6,75.07,92.64,74.86,92.6,77.81
civil-comments,2,bin,5000,11.53,"{'0_non-toxic': 0.92, '1_toxic': 0.08}",wfl,-,-,-,-,-,0.25,1.0,76.66,75.45,1.36,98.46,99.76,97.16,0.0,0.0,0.0,99.56,99.1,99.55,97.85,99.56,99.67,96.68,56.65,0.0,0.0,0.0,93.83,80.49,93.33,74.01,93.83,80.18,96.23,54.68,0.0,0.0,0.0,93.03,76.53,92.8,74.53,93.03,77.33
civil-comments,2,bin,5000,11.53,"{'0_non-toxic': 0.92, '1_toxic': 0.08}",wfl,-,-,-,-,-,0.25,2.0,76.74,73.07,3.31,99.85,99.98,99.72,0.0,0.0,0.0,99.96,99.91,99.96,99.78,99.96,99.97,96.87,56.61,0.0,0.0,0.0,94.17,83.92,93.73,73.05,94.17,80.77,96.21,49.94,0.0,0.0,0.0,92.97,77.43,92.4,70.69,92.97,77.74
civil-comments,2,bin,5000,11.53,"{'0_non-toxic': 0.92, '1_toxic': 0.08}",wfl,-,-,-,-,-,0.25,5.0,77.42,71.31,0.75,99.54,99.93,99.16,0.0,0.0,0.0,99.87,99.8,99.87,99.29,99.87,99.97,96.88,57.95,0.0,0.0,0.0,94.2,83.84,93.82,73.83,94.2,81.16,95.94,46.68,0.0,0.0,0.0,92.47,75.38,91.86,69.09,92.47,78.23
civil-comments,2,bin,5000,11.53,"{'0_non-toxic': 0.92, '1_toxic': 0.08}",wfl,-,-,-,-,-,0.5,0.1,78.94,76.23,1.19,98.97,99.84,98.1,0.0,0.0,0.0,99.7,99.32,99.7,98.63,99.7,99.9,96.98,60.91,0.0,0.0,0.0,94.4,82.74,93.98,76.22,94.4,80.85,96.39,56.07,0.0,0.0,0.0,93.33,78.05,93.11,75.07,93.33,79.64
civil-comments,2,bin,5000,11.53,"{'0_non-toxic': 0.92, '1_toxic': 0.08}",wfl,-,-,-,-,-,0.5,0.2,76.74,75.19,1.72,98.82,99.81,97.83,0.0,0.0,0.0,99.66,98.98,99.66,98.67,99.66,99.65,96.78,56.7,0.0,0.0,0.0,94.0,81.34,93.42,73.72,94.0,80.87,96.31,54.07,0.0,0.0,0.0,93.17,77.47,92.82,73.65,93.17,78.91
civil-comments,2,bin,5000,11.53,"{'0_non-toxic': 0.92, '1_toxic': 0.08}",wfl,-,-,-,-,-,0.5,0.5,77.54,75.91,1.01,99.2,99.87,98.53,0.0,0.0,0.0,99.77,99.3,99.77,99.11,99.77,99.93,96.45,58.63,0.0,0.0,0.0,93.47,79.32,93.67,77.43,93.47,81.29,95.94,55.89,0.0,0.0,0.0,92.57,75.04,93.0,77.32,92.57,79.22
civil-comments,2,bin,5000,11.53,"{'0_non-toxic': 0.92, '1_toxic': 0.08}",wfl,-,-,-,-,-,0.5,1.0,78.94,77.55,0.87,99.32,99.89,98.74,0.0,0.0,0.0,99.8,99.32,99.8,99.32,99.8,99.94,96.85,61.04,0.0,0.0,0.0,94.17,81.01,93.86,77.24,94.17,82.08,96.25,58.85,0.0,0.0,0.0,93.13,76.73,93.43,78.58,93.13,81.31
civil-comments,2,bin,5000,11.53,"{'0_non-toxic': 0.92, '1_toxic': 0.08}",wfl,-,-,-,-,-,0.5,2.0,78.47,75.27,0.89,97.67,99.63,95.71,0.0,0.0,0.0,99.31,97.57,99.32,97.78,99.31,99.3,96.89,60.04,0.0,0.0,0.0,94.23,81.98,93.86,76.13,94.23,82.48,96.15,54.39,0.0,0.0,0.0,92.9,76.48,92.82,74.65,92.9,79.52
civil-comments,2,bin,5000,11.53,"{'0_non-toxic': 0.92, '1_toxic': 0.08}",wfl,-,-,-,-,-,0.5,5.0,78.45,72.97,1.37,99.66,99.95,99.37,0.0,0.0,0.0,99.9,99.69,99.9,99.63,99.9,99.98,96.85,60.04,0.0,0.0,0.0,94.17,81.9,93.84,76.1,94.17,80.77,95.84,50.1,0.0,0.0,0.0,92.33,74.52,92.21,72.44,92.33,78.87
civil-comments,2,bin,5000,11.53,"{'0_non-toxic': 0.92, '1_toxic': 0.08}",wfl,-,-,-,-,-,0.75,0.1,79.02,75.79,1.61,99.74,99.96,99.51,0.0,0.0,0.0,99.92,99.58,99.92,99.89,99.92,99.83,96.82,61.21,0.0,0.0,0.0,94.13,81.89,94.07,77.6,94.13,81.67,96.2,55.39,0.0,0.0,0.0,93.0,76.72,93.01,75.65,93.0,79.08
civil-comments,2,bin,5000,11.53,"{'0_non-toxic': 0.92, '1_toxic': 0.08}",wfl,-,-,-,-,-,0.75,0.2,78.97,75.53,1.22,98.43,99.75,97.12,0.0,0.0,0.0,99.53,97.79,99.55,99.11,99.53,99.76,96.59,61.35,0.0,0.0,0.0,93.73,79.73,93.96,79.09,93.73,82.37,95.88,55.19,0.0,0.0,0.0,92.47,75.59,93.04,76.88,92.47,79.74
civil-comments,2,bin,5000,11.53,"{'0_non-toxic': 0.92, '1_toxic': 0.08}",wfl,-,-,-,-,-,0.75,0.5,79.63,75.35,2.28,98.91,99.82,98.0,0.0,0.0,0.0,99.68,98.58,99.68,99.25,99.68,99.86,96.68,62.57,0.0,0.0,0.0,93.9,79.2,94.02,80.14,93.9,81.21,95.42,55.27,0.0,0.0,0.0,91.7,72.91,92.95,78.94,91.7,79.49
civil-comments,2,bin,5000,11.53,"{'0_non-toxic': 0.92, '1_toxic': 0.08}",wfl,-,-,-,-,-,0.75,1.0,79.68,73.45,3.04,98.92,99.82,98.01,0.0,0.0,0.0,99.68,98.35,99.69,99.51,99.68,99.75,97.03,62.32,0.0,0.0,0.0,94.5,82.9,94.15,77.23,94.5,81.15,95.98,50.92,0.0,0.0,0.0,92.57,74.85,92.24,72.37,92.57,76.6
civil-comments,2,bin,5000,11.53,"{'0_non-toxic': 0.92, '1_toxic': 0.08}",wfl,-,-,-,-,-,0.75,2.0,78.86,72.63,1.67,99.7,99.95,99.44,0.0,0.0,0.0,99.91,99.57,99.91,99.82,99.91,99.93,97.04,60.68,0.0,0.0,0.0,94.5,83.76,94.07,75.71,94.5,80.51,95.87,49.39,0.0,0.0,0.0,92.37,74.55,92.11,71.69,92.37,77.48
civil-comments,2,bin,5000,11.53,"{'0_non-toxic': 0.92, '1_toxic': 0.08}",wfl,-,-,-,-,-,0.75,5.0,78.65,73.46,1.32,96.5,99.42,93.58,0.0,0.0,0.0,98.94,95.44,98.99,97.64,98.94,98.91,96.69,60.6,0.0,0.0,0.0,93.9,79.83,93.81,78.04,93.9,82.64,95.49,51.43,0.0,0.0,0.0,91.77,73.11,92.32,74.6,91.77,76.23
civil-comments,2,bin,5000,11.53,"{'0_non-toxic': 0.92, '1_toxic': 0.08}",wfl,-,-,-,-,-,0.9,0.1,78.55,73.9,0.99,96.69,99.42,93.97,0.0,0.0,0.0,98.94,94.87,99.1,98.92,98.94,99.24,96.4,60.7,0.0,0.0,0.0,93.4,77.41,93.71,79.86,93.4,80.9,95.11,52.69,0.0,0.0,0.0,91.13,71.29,92.52,77.68,91.13,77.91
civil-comments,2,bin,5000,11.53,"{'0_non-toxic': 0.92, '1_toxic': 0.08}",wfl,-,-,-,-,-,0.9,0.2,78.93,73.64,1.93,97.89,99.65,96.14,0.0,0.0,0.0,99.36,96.53,99.41,99.4,99.36,99.66,96.18,61.67,0.0,0.0,0.0,93.07,77.42,94.13,82.35,93.07,81.44,94.5,52.79,0.0,0.0,0.0,90.17,70.72,92.86,80.01,90.17,78.57
civil-comments,2,bin,5000,11.53,"{'0_non-toxic': 0.92, '1_toxic': 0.08}",wfl,-,-,-,-,-,0.9,0.5,79.03,75.45,0.44,97.91,99.65,96.16,0.0,0.0,0.0,99.37,96.64,99.4,99.27,99.37,99.75,96.6,61.46,0.0,0.0,0.0,93.77,79.55,93.96,79.3,93.77,80.55,95.64,55.26,0.0,0.0,0.0,92.07,73.71,92.92,78.0,92.07,78.17
civil-comments,2,bin,5000,11.53,"{'0_non-toxic': 0.92, '1_toxic': 0.08}",wfl,-,-,-,-,-,0.9,1.0,78.95,74.28,2.42,98.41,99.74,97.08,0.0,0.0,0.0,99.52,97.45,99.54,99.42,99.52,99.9,96.41,61.48,0.0,0.0,0.0,93.43,78.24,93.94,80.45,93.43,81.81,95.28,53.28,0.0,0.0,0.0,91.43,72.19,92.65,77.65,91.43,77.25
civil-comments,2,bin,5000,11.53,"{'0_non-toxic': 0.92, '1_toxic': 0.08}",wfl,-,-,-,-,-,0.9,2.0,78.43,73.99,4.36,96.97,99.48,94.46,0.0,0.0,0.0,99.06,95.3,99.16,98.91,99.06,99.24,96.66,60.2,0.0,0.0,0.0,93.83,79.36,93.67,77.63,93.83,78.82,95.59,52.38,0.0,0.0,0.0,91.93,72.7,92.44,75.83,91.93,77.23
civil-comments,2,bin,5000,11.53,"{'0_non-toxic': 0.92, '1_toxic': 0.08}",wfl,-,-,-,-,-,0.9,5.0,78.38,73.31,0.69,97.61,99.6,95.63,0.0,0.0,0.0,99.27,96.24,99.33,99.16,99.27,99.66,96.33,60.43,0.0,0.0,0.0,93.3,78.08,93.83,79.81,93.3,82.56,95.17,51.44,0.0,0.0,0.0,91.23,71.85,92.36,76.02,91.23,78.42
civil-comments,2,bin,5000,11.53,"{'0_non-toxic': 0.92, '1_toxic': 0.08}",wfl,-,-,-,-,-,0.92,0.1,78.69,75.24,1.78,96.84,99.45,94.23,0.0,0.0,0.0,99.0,94.86,99.14,99.2,99.0,99.33,96.37,61.0,0.0,0.0,0.0,93.37,77.49,93.82,80.42,93.37,81.82,95.36,55.12,0.0,0.0,0.0,91.6,72.72,92.94,79.08,91.6,78.28
civil-comments,2,bin,5000,11.53,"{'0_non-toxic': 0.92, '1_toxic': 0.08}",wfl,-,-,-,-,-,0.92,0.2,77.8,74.45,0.63,96.65,99.42,93.88,0.0,0.0,0.0,98.94,94.78,99.08,98.85,98.94,98.83,96.59,59.02,0.0,0.0,0.0,93.7,79.0,93.5,76.79,93.7,79.35,95.56,53.33,0.0,0.0,0.0,91.9,73.09,92.58,76.39,91.9,76.59
civil-comments,2,bin,5000,11.53,"{'0_non-toxic': 0.92, '1_toxic': 0.08}",wfl,-,-,-,-,-,0.92,0.5,79.27,74.76,1.2,98.95,99.82,98.07,0.0,0.0,0.0,99.68,98.27,99.7,99.7,99.68,99.91,96.56,61.98,0.0,0.0,0.0,93.7,78.48,93.92,80.22,93.7,81.9,95.33,54.18,0.0,0.0,0.0,91.53,72.32,92.76,78.28,91.53,78.72
civil-comments,2,bin,5000,11.53,"{'0_non-toxic': 0.92, '1_toxic': 0.08}",wfl,-,-,-,-,-,0.92,1.0,78.36,75.73,0.23,98.87,99.81,97.93,0.0,0.0,0.0,99.66,98.13,99.68,99.69,99.66,99.83,96.58,60.13,0.0,0.0,0.0,93.7,78.81,93.67,78.12,93.7,80.32,95.98,55.48,0.0,0.0,0.0,92.63,75.41,92.95,76.59,92.63,78.79
civil-comments,2,bin,5000,11.53,"{'0_non-toxic': 0.92, '1_toxic': 0.08}",wfl,-,-,-,-,-,0.92,2.0,77.2,72.95,3.96,93.53,98.84,88.23,0.0,0.0,0.0,97.89,89.99,98.28,98.09,97.89,98.44,96.33,58.07,0.0,0.0,0.0,93.27,79.32,93.6,76.94,93.27,80.67,95.3,50.6,0.0,0.0,0.0,91.43,72.86,92.21,74.04,91.43,76.11
civil-comments,2,bin,5000,11.53,"{'0_non-toxic': 0.92, '1_toxic': 0.08}",wfl,-,-,-,-,-,0.92,5.0,77.43,74.72,1.74,97.86,99.64,96.07,0.0,0.0,0.0,99.34,96.59,99.4,99.26,99.34,99.69,95.75,59.12,0.0,0.0,0.0,92.3,74.64,93.63,81.74,92.3,82.31,94.98,54.46,0.0,0.0,0.0,90.97,71.57,92.95,80.06,90.97,78.5
civil-comments,2,bin,5000,11.53,"{'0_non-toxic': 0.92, '1_toxic': 0.08}",wfl,-,-,-,-,-,0.99,0.1,76.72,73.66,1.04,81.28,93.78,68.78,0.0,0.0,0.0,89.81,77.95,96.47,94.4,89.81,90.87,95.55,57.89,0.0,0.0,0.0,91.97,74.1,93.44,80.99,91.97,79.81,94.67,52.64,0.0,0.0,0.0,90.43,70.47,92.74,79.58,90.43,79.14
civil-comments,2,bin,5000,11.53,"{'0_non-toxic': 0.92, '1_toxic': 0.08}",wfl,-,-,-,-,-,0.99,0.2,75.19,73.81,2.94,83.47,96.24,70.7,0.0,0.0,0.0,93.34,77.5,96.37,96.13,93.34,93.47,94.67,55.72,0.0,0.0,0.0,90.5,71.33,93.42,83.04,90.5,78.56,93.99,53.64,0.0,0.0,0.0,89.37,69.83,93.27,83.19,89.37,78.3
civil-comments,2,bin,5000,11.53,"{'0_non-toxic': 0.92, '1_toxic': 0.08}",wfl,-,-,-,-,-,0.99,0.5,74.52,71.59,1.39,87.8,97.35,78.24,0.0,0.0,0.0,95.29,82.72,97.2,97.19,95.29,94.63,94.25,54.8,0.0,0.0,0.0,89.8,70.29,93.45,83.99,89.8,80.11,93.21,49.97,0.0,0.0,0.0,88.07,67.81,92.8,81.72,88.07,78.6
civil-comments,2,bin,5000,11.53,"{'0_non-toxic': 0.92, '1_toxic': 0.08}",wfl,-,-,-,-,-,0.99,1.0,74.68,73.62,2.44,89.57,97.88,81.27,0.0,0.0,0.0,96.19,84.56,97.52,97.8,96.19,96.99,94.51,54.86,0.0,0.0,0.0,90.23,71.3,93.33,82.33,90.23,79.35,94.07,53.18,0.0,0.0,0.0,89.5,70.11,93.15,82.12,89.5,79.81
civil-comments,2,bin,5000,11.53,"{'0_non-toxic': 0.92, '1_toxic': 0.08}",wfl,-,-,-,-,-,0.99,2.0,77.47,74.94,2.15,84.27,96.29,72.24,0.0,0.0,0.0,93.48,78.8,96.56,96.07,93.48,94.47,95.78,59.17,0.0,0.0,0.0,92.37,75.23,93.7,81.59,92.37,80.26,94.91,54.97,0.0,0.0,0.0,90.87,71.69,93.12,80.96,90.87,79.28
civil-comments,2,bin,5000,11.53,"{'0_non-toxic': 0.92, '1_toxic': 0.08}",wfl,-,-,-,-,-,0.99,5.0,76.32,72.97,1.49,81.24,93.02,69.47,0.0,0.0,0.0,88.87,79.01,96.64,93.89,88.87,97.03,95.39,57.25,0.0,0.0,0.0,91.7,73.56,93.41,81.22,91.7,79.62,94.25,51.69,0.0,0.0,0.0,89.73,69.53,92.68,79.96,89.73,79.25
civil-comments-5k-7p5,2,bin,5006,7.51,"{'0_non-toxic': 0.883, '1_toxic': 0.117}",augmentation_abusive_lexicon,-,-,2.0,0.1,3,-,-,76.92,78.47,1.06,99.68,99.79,99.57,0.0,0.0,0.0,99.71,99.68,99.71,99.68,99.71,99.98,95.23,58.62,0.0,0.0,0.0,91.44,80.63,90.73,74.27,91.44,82.23,95.46,61.47,0.0,0.0,0.0,91.88,81.93,91.29,75.94,91.88,84.45
civil-comments-5k-7p5,2,bin,5006,7.51,"{'0_non-toxic': 0.883, '1_toxic': 0.117}",augmentation_abusive_lexicon,-,-,2.0,0.1,5,-,-,78.03,77.45,1.93,99.66,99.77,99.55,0.0,0.0,0.0,99.7,99.65,99.7,99.67,99.7,99.98,94.6,61.45,0.0,0.0,0.0,90.54,77.14,91.06,79.44,90.54,81.52,94.32,60.59,0.0,0.0,0.0,90.09,76.47,90.9,79.45,90.09,84.71
civil-comments-5k-7p5,2,bin,5006,7.51,"{'0_non-toxic': 0.883, '1_toxic': 0.117}",augmentation_abusive_lexicon,-,-,2.0,0.3,3,-,-,79.04,77.22,0.73,99.55,99.7,99.4,0.0,0.0,0.0,99.6,99.55,99.6,99.55,99.6,99.97,94.83,63.25,0.0,0.0,0.0,90.94,77.93,91.41,80.41,90.94,81.82,94.45,59.99,0.0,0.0,0.0,90.25,76.57,90.59,78.08,90.25,85.38
civil-comments-5k-7p5,2,bin,5006,7.51,"{'0_non-toxic': 0.883, '1_toxic': 0.117}",augmentation_abusive_lexicon,-,-,2.0,0.3,5,-,-,78.53,77.94,3.01,99.24,99.5,98.99,0.0,0.0,0.0,99.33,99.26,99.33,99.23,99.33,99.92,95.26,61.81,0.0,0.0,0.0,91.58,80.71,91.37,77.31,91.58,82.29,95.2,60.68,0.0,0.0,0.0,91.45,80.65,91.16,76.55,91.45,84.93
civil-comments-5k-7p5,2,bin,5006,7.51,"{'0_non-toxic': 0.883, '1_toxic': 0.117}",augmentation_abusive_lexicon,-,-,3.0,0.1,3,-,-,78.45,78.99,1.2,99.55,99.77,99.32,0.0,0.0,0.0,99.66,99.57,99.66,99.52,99.66,99.94,95.37,61.54,0.0,0.0,0.0,91.74,81.97,91.47,76.41,91.74,82.84,95.55,62.44,0.0,0.0,0.0,92.05,82.84,91.61,76.52,92.05,84.76
civil-comments-5k-7p5,2,bin,5006,7.51,"{'0_non-toxic': 0.883, '1_toxic': 0.117}",augmentation_abusive_lexicon,-,-,3.0,0.1,5,-,-,79.27,79.65,2.57,99.4,99.7,99.1,0.0,0.0,0.0,99.55,99.36,99.55,99.43,99.55,99.94,95.15,63.39,0.0,0.0,0.0,91.44,80.09,91.63,79.21,91.44,82.81,95.02,64.28,0.0,0.0,0.0,91.28,79.96,91.84,80.5,91.28,85.65
civil-comments-5k-7p5,2,bin,5006,7.51,"{'0_non-toxic': 0.883, '1_toxic': 0.117}",augmentation_abusive_lexicon,-,-,3.0,0.3,3,-,-,80.38,78.98,0.94,99.45,99.72,99.17,0.0,0.0,0.0,99.58,99.48,99.58,99.41,99.58,99.95,95.35,65.41,0.0,0.0,0.0,91.81,80.14,91.94,80.78,91.81,82.77,94.78,63.18,0.0,0.0,0.0,90.85,77.83,91.33,80.37,90.85,84.71
civil-comments-5k-7p5,2,bin,5006,7.51,"{'0_non-toxic': 0.883, '1_toxic': 0.117}",augmentation_abusive_lexicon,-,-,3.0,0.3,5,-,-,78.13,79.26,1.64,99.29,99.65,98.94,0.0,0.0,0.0,99.47,99.37,99.47,99.22,99.47,99.96,94.41,61.84,0.0,0.0,0.0,90.28,77.07,91.3,80.4,90.28,83.37,94.64,63.88,0.0,0.0,0.0,90.69,77.8,91.69,81.87,90.69,86.19
civil-comments-5k-7p5,2,bin,5006,7.51,"{'0_non-toxic': 0.883, '1_toxic': 0.117}",augmentation_abusive_lexicon,-,-,5.0,0.1,3,-,-,79.73,78.91,1.26,99.58,99.86,99.31,0.0,0.0,0.0,99.77,99.71,99.77,99.46,99.77,99.98,95.44,64.02,0.0,0.0,0.0,91.91,80.92,91.68,78.73,91.91,81.36,95.15,62.68,0.0,0.0,0.0,91.42,79.76,91.28,78.25,91.42,83.64
civil-comments-5k-7p5,2,bin,5006,7.51,"{'0_non-toxic': 0.883, '1_toxic': 0.117}",augmentation_abusive_lexicon,-,-,5.0,0.1,5,-,-,79.02,80.16,1.18,98.79,99.6,97.97,0.0,0.0,0.0,99.33,98.98,99.33,98.59,99.33,99.71,95.24,62.81,0.0,0.0,0.0,91.58,80.51,91.56,78.42,91.58,82.5,95.31,65.0,0.0,0.0,0.0,91.75,81.42,92.1,80.27,91.75,85.95
civil-comments-5k-7p5,2,bin,5006,7.51,"{'0_non-toxic': 0.883, '1_toxic': 0.117}",augmentation_abusive_lexicon,-,-,5.0,0.3,3,-,-,77.92,79.16,0.32,98.5,99.5,97.5,0.0,0.0,0.0,99.17,98.71,99.17,98.3,99.17,99.76,94.9,60.94,0.0,0.0,0.0,90.98,78.46,90.94,77.59,90.98,81.57,94.9,63.41,0.0,0.0,0.0,91.05,78.38,91.39,80.12,91.05,84.9
civil-comments-5k-7p5,2,bin,5006,7.51,"{'0_non-toxic': 0.883, '1_toxic': 0.117}",augmentation_abusive_lexicon,-,-,5.0,0.3,5,-,-,78.64,79.99,2.44,99.3,99.77,98.84,0.0,0.0,0.0,99.61,99.29,99.61,99.31,99.61,99.86,95.41,61.88,0.0,0.0,0.0,91.81,81.17,91.33,76.7,91.81,81.94,95.46,64.53,0.0,0.0,0.0,91.95,81.08,91.72,79.04,91.95,85.5
civil-comments-5k-7p5,2,bin,5006,7.51,"{'0_non-toxic': 0.883, '1_toxic': 0.117}",augmentation_external_data_preprocessing,-,-,2.0,-,-,-,-,79.8,78.05,0.36,99.56,99.7,99.41,0.0,0.0,0.0,99.61,99.57,99.61,99.54,99.61,99.98,95.88,63.71,0.0,0.0,0.0,92.61,84.51,92.02,76.53,92.61,83.18,95.52,60.59,0.0,0.0,0.0,91.95,82.76,91.26,74.88,91.95,84.88
civil-comments-5k-7p5,2,bin,5006,7.51,"{'0_non-toxic': 0.883, '1_toxic': 0.117}",augmentation_external_data_preprocessing,-,-,3.0,-,-,-,-,79.93,79.57,0.5,99.33,99.67,99.0,0.0,0.0,0.0,99.5,99.35,99.5,99.31,99.5,99.91,95.19,64.66,0.0,0.0,0.0,91.54,79.66,91.82,80.63,91.54,82.63,95.01,64.12,0.0,0.0,0.0,91.25,78.96,91.59,80.48,91.25,85.37
civil-comments-5k-7p5,2,bin,5006,7.51,"{'0_non-toxic': 0.883, '1_toxic': 0.117}",augmentation_external_data_preprocessing,-,-,5.0,-,-,-,-,79.14,79.79,1.29,99.21,99.74,98.68,0.0,0.0,0.0,99.56,99.23,99.56,99.18,99.56,99.86,95.15,63.12,0.0,0.0,0.0,91.44,79.71,91.49,78.96,91.44,82.7,95.27,64.32,0.0,0.0,0.0,91.65,80.13,91.64,79.6,91.65,85.43
civil-comments-5k-7p5,2,bin,5006,7.51,"{'0_non-toxic': 0.883, '1_toxic': 0.117}",baseline,-,-,-,-,-,-,-,79.32,78.95,2.16,98.64,99.68,97.6,0.0,0.0,0.0,99.43,98.58,99.43,98.7,99.43,99.55,95.42,63.22,0.0,0.0,0.0,91.87,82.21,91.91,78.22,91.87,83.59,95.26,62.63,0.0,0.0,0.0,91.62,81.16,91.63,78.24,91.62,85.22
civil-comments-5k-7p5,2,bin,5006,7.51,"{'0_non-toxic': 0.883, '1_toxic': 0.117}",fl,-,-,-,-,-,-,0.1,79.1,80.3,0.54,98.77,99.71,97.83,0.0,0.0,0.0,99.49,98.82,99.49,98.73,99.49,99.56,95.31,62.88,0.0,0.0,0.0,91.67,80.51,91.47,78.11,91.67,82.96,95.4,65.2,0.0,0.0,0.0,91.88,80.66,91.85,80.1,91.88,84.89
civil-comments-5k-7p5,2,bin,5006,7.51,"{'0_non-toxic': 0.883, '1_toxic': 0.117}",fl,-,-,-,-,-,-,0.2,79.01,78.03,0.32,98.55,99.66,97.44,0.0,0.0,0.0,99.4,98.75,99.4,98.35,99.4,99.67,95.76,62.26,0.0,0.0,0.0,92.37,84.22,91.79,75.66,92.37,83.55,95.51,60.54,0.0,0.0,0.0,91.95,83.45,91.43,74.88,91.95,83.98
civil-comments-5k-7p5,2,bin,5006,7.51,"{'0_non-toxic': 0.883, '1_toxic': 0.117}",fl,-,-,-,-,-,-,0.5,78.87,79.62,1.42,98.79,99.72,97.86,0.0,0.0,0.0,99.5,99.01,99.5,98.57,99.5,99.9,94.7,63.03,0.0,0.0,0.0,90.74,77.64,91.43,80.67,90.74,82.25,94.68,64.55,0.0,0.0,0.0,90.75,77.75,91.74,82.27,90.75,85.85
civil-comments-5k-7p5,2,bin,5006,7.51,"{'0_non-toxic': 0.883, '1_toxic': 0.117}",fl,-,-,-,-,-,-,1.0,80.1,79.05,0.42,98.66,99.69,97.64,0.0,0.0,0.0,99.44,98.7,99.44,98.62,99.44,99.77,95.05,65.15,0.0,0.0,0.0,91.34,78.92,91.91,81.75,91.34,83.72,94.63,63.46,0.0,0.0,0.0,90.65,77.63,91.5,81.24,90.65,85.99
civil-comments-5k-7p5,2,bin,5006,7.51,"{'0_non-toxic': 0.883, '1_toxic': 0.117}",fl,-,-,-,-,-,-,2.0,79.49,78.53,0.54,98.77,99.71,97.83,0.0,0.0,0.0,99.49,98.73,99.49,98.81,99.49,99.64,95.19,63.79,0.0,0.0,0.0,91.51,79.63,91.6,79.62,91.51,83.92,94.88,62.17,0.0,0.0,0.0,90.98,78.3,91.1,78.86,90.98,84.73
civil-comments-5k-7p5,2,bin,5006,7.51,"{'0_non-toxic': 0.883, '1_toxic': 0.117}",fl,-,-,-,-,-,-,5.0,78.53,79.72,1.27,98.09,99.55,96.63,0.0,0.0,0.0,99.21,98.23,99.21,97.96,99.21,99.33,95.28,61.77,0.0,0.0,0.0,91.61,80.89,91.4,77.2,91.61,83.26,95.42,64.01,0.0,0.0,0.0,91.88,81.67,91.79,78.63,91.88,85.97
civil-comments-5k-7p5,2,bin,5006,7.51,"{'0_non-toxic': 0.883, '1_toxic': 0.117}",sampling_modifiedRS_oversampling,2.0,-,-,-,-,-,-,79.28,80.3,0.76,99.53,99.69,99.37,0.0,0.0,0.0,99.58,99.52,99.58,99.54,99.58,99.8,95.6,62.97,0.0,0.0,0.0,92.14,82.87,91.77,77.01,92.14,83.41,95.68,64.92,0.0,0.0,0.0,92.32,82.96,92.06,78.63,92.32,84.23
civil-comments-5k-7p5,2,bin,5006,7.51,"{'0_non-toxic': 0.883, '1_toxic': 0.117}",sampling_modifiedRS_oversampling,3.0,-,-,-,-,-,-,79.16,79.27,1.18,99.41,99.7,99.11,0.0,0.0,0.0,99.56,99.43,99.56,99.39,99.56,99.84,95.35,62.97,0.0,0.0,0.0,91.74,80.65,91.48,78.02,91.74,83.73,95.16,63.39,0.0,0.0,0.0,91.45,79.68,91.42,79.0,91.45,84.28
civil-comments-5k-7p5,2,bin,5006,7.51,"{'0_non-toxic': 0.883, '1_toxic': 0.117}",sampling_modifiedRS_oversampling,5.0,-,-,-,-,-,-,79.25,78.71,1.91,99.51,99.84,99.18,0.0,0.0,0.0,99.73,99.61,99.73,99.41,99.73,99.96,95.52,62.99,0.0,0.0,0.0,92.01,82.04,91.64,77.31,92.01,84.18,95.29,62.13,0.0,0.0,0.0,91.62,80.45,91.26,77.38,91.62,84.72
civil-comments-5k-7p5,2,bin,5006,7.51,"{'0_non-toxic': 0.883, '1_toxic': 0.117}",sampling_modifiedRS_undersampling,2.0,-,-,-,-,-,-,79.39,79.78,0.89,98.56,99.03,98.09,0.0,0.0,0.0,98.71,98.33,98.73,98.8,98.71,99.64,95.19,63.59,0.0,0.0,0.0,91.51,79.73,91.57,79.37,91.51,84.25,94.98,64.58,0.0,0.0,0.0,91.22,79.15,91.77,81.07,91.22,85.48
civil-comments-5k-7p5,2,bin,5006,7.51,"{'0_non-toxic': 0.883, '1_toxic': 0.117}",sampling_modifiedRS_undersampling,3.0,-,-,-,-,-,-,79.71,78.65,1.86,98.78,99.39,98.16,0.0,0.0,0.0,99.08,98.7,99.08,98.85,99.08,99.73,95.44,63.99,0.0,0.0,0.0,91.91,80.92,91.71,78.86,91.91,83.58,95.18,62.12,0.0,0.0,0.0,91.45,80.04,91.29,77.9,91.45,84.86
civil-comments-5k-7p5,2,bin,5006,7.51,"{'0_non-toxic': 0.883, '1_toxic': 0.117}",sampling_modifiedRS_undersampling,5.0,-,-,-,-,-,-,79.96,81.46,1.53,97.88,99.29,96.47,0.0,0.0,0.0,98.82,97.75,98.82,98.01,98.82,99.3,95.54,64.37,0.0,0.0,0.0,92.07,81.52,91.83,78.83,92.07,84.35,95.71,67.22,0.0,0.0,0.0,92.42,81.97,92.31,81.01,92.42,86.3
civil-comments-5k-7p5,2,bin,5006,7.51,"{'0_non-toxic': 0.883, '1_toxic': 0.117}",th,-,-,-,-,-,-,-,78.82,79.47,0.36,99.65,99.92,99.38,0.0,0.0,0.0,99.86,99.71,99.86,99.59,99.86,99.98,95.49,62.15,0.0,0.0,0.0,91.94,81.76,91.45,76.65,91.94,82.04,95.34,63.59,0.0,0.0,0.0,91.75,81.15,91.66,78.56,91.75,82.96
civil-comments-20k,2,bin,20000,11.35,"{'0_non-toxic': 0.919, '1_toxic': 0.081}",augmentation_abusive_lexicon,-,-,2.0,0.1,3,-,-,78.41,77.23,0.89,99.67,99.78,99.56,0.0,0.0,0.0,99.71,99.67,99.71,99.68,99.71,99.99,96.49,60.33,0.0,0.0,0.0,93.55,78.41,93.59,78.53,93.55,81.9,96.33,58.13,0.0,0.0,0.0,93.25,77.54,93.24,77.05,93.25,79.31
civil-comments-20k,2,bin,20000,11.35,"{'0_non-toxic': 0.919, '1_toxic': 0.081}",augmentation_abusive_lexicon,-,-,2.0,0.1,5,-,-,77.52,76.15,1.7,99.61,99.74,99.49,0.0,0.0,0.0,99.66,99.61,99.66,99.62,99.66,99.98,96.0,59.03,0.0,0.0,0.0,92.72,75.56,93.4,80.0,92.72,80.12,95.82,56.49,0.0,0.0,0.0,92.37,74.48,92.97,78.26,92.37,79.18
civil-comments-20k,2,bin,20000,11.35,"{'0_non-toxic': 0.919, '1_toxic': 0.081}",augmentation_abusive_lexicon,-,-,2.0,0.3,3,-,-,78.58,76.92,1.2,99.63,99.75,99.5,0.0,0.0,0.0,99.67,99.62,99.67,99.63,99.67,99.98,96.66,60.5,0.0,0.0,0.0,93.85,79.99,93.69,77.56,93.85,80.98,96.52,57.31,0.0,0.0,0.0,93.57,79.1,93.22,75.3,93.57,79.92
civil-comments-20k,2,bin,20000,11.35,"{'0_non-toxic': 0.919, '1_toxic': 0.081}",augmentation_abusive_lexicon,-,-,2.0,0.3,5,-,-,77.37,76.04,1.94,99.58,99.72,99.44,0.0,0.0,0.0,99.63,99.59,99.63,99.58,99.63,99.98,96.1,58.64,0.0,0.0,0.0,92.89,77.69,93.6,78.96,92.89,81.65,96.05,56.03,0.0,0.0,0.0,92.77,77.35,93.21,76.74,92.77,80.3
civil-comments-20k,2,bin,20000,11.35,"{'0_non-toxic': 0.919, '1_toxic': 0.081}",augmentation_abusive_lexicon,-,-,3.0,0.1,3,-,-,78.16,77.08,0.42,99.57,99.79,99.36,0.0,0.0,0.0,99.68,99.57,99.68,99.57,99.68,99.96,96.57,59.75,0.0,0.0,0.0,93.68,79.1,93.52,77.33,93.68,81.65,96.5,57.66,0.0,0.0,0.0,93.54,78.75,93.22,75.66,93.54,80.69
civil-comments-20k,2,bin,20000,11.35,"{'0_non-toxic': 0.919, '1_toxic': 0.081}",augmentation_abusive_lexicon,-,-,3.0,0.1,5,-,-,78.51,77.24,0.57,99.26,99.63,98.89,0.0,0.0,0.0,99.45,99.27,99.45,99.25,99.45,99.94,96.42,60.6,0.0,0.0,0.0,93.45,78.49,93.74,79.32,93.45,81.77,96.31,58.18,0.0,0.0,0.0,93.22,77.81,93.33,77.27,93.22,80.09
civil-comments-20k,2,bin,20000,11.35,"{'0_non-toxic': 0.919, '1_toxic': 0.081}",augmentation_abusive_lexicon,-,-,3.0,0.3,3,-,-,77.63,77.09,0.33,99.63,99.82,99.45,0.0,0.0,0.0,99.72,99.64,99.72,99.63,99.72,99.98,96.47,58.79,0.0,0.0,0.0,93.51,78.87,93.43,76.91,93.51,80.95,96.49,57.69,0.0,0.0,0.0,93.52,78.97,93.27,75.74,93.52,80.15
civil-comments-20k,2,bin,20000,11.35,"{'0_non-toxic': 0.919, '1_toxic': 0.081}",augmentation_abusive_lexicon,-,-,3.0,0.3,5,-,-,78.58,78.3,1.79,99.43,99.71,99.14,0.0,0.0,0.0,99.57,99.43,99.57,99.42,99.57,99.96,96.41,60.76,0.0,0.0,0.0,93.42,77.99,93.66,79.4,93.42,81.89,96.46,60.14,0.0,0.0,0.0,93.5,78.51,93.58,78.31,93.5,81.06
civil-comments-20k,2,bin,20000,11.35,"{'0_non-toxic': 0.919, '1_toxic': 0.081}",augmentation_abusive_lexicon,-,-,5.0,0.1,3,-,-,78.24,78.2,1.27,99.14,99.71,98.56,0.0,0.0,0.0,99.52,99.17,99.52,99.11,99.52,99.92,96.6,59.88,0.0,0.0,0.0,93.72,79.38,93.57,77.4,93.73,81.33,96.64,59.76,0.0,0.0,0.0,93.8,79.64,93.55,77.02,93.8,80.9
civil-comments-20k,2,bin,20000,11.35,"{'0_non-toxic': 0.919, '1_toxic': 0.081}",augmentation_abusive_lexicon,-,-,5.0,0.1,5,-,-,78.84,78.67,1.08,99.09,99.7,98.48,0.0,0.0,0.0,99.49,99.13,99.49,99.05,99.49,99.88,96.35,61.33,0.0,0.0,0.0,93.33,77.93,93.85,80.61,93.33,82.65,96.38,60.96,0.0,0.0,0.0,93.38,78.55,93.82,79.75,93.38,81.85
civil-comments-20k,2,bin,20000,11.35,"{'0_non-toxic': 0.919, '1_toxic': 0.081}",augmentation_abusive_lexicon,-,-,5.0,0.3,3,-,-,77.86,77.47,0.56,99.06,99.69,98.43,0.0,0.0,0.0,99.48,99.13,99.48,98.99,99.48,99.89,96.13,59.6,0.0,0.0,0.0,92.94,76.56,93.56,80.02,92.94,81.62,96.16,58.78,0.0,0.0,0.0,92.99,77.06,93.44,78.74,92.99,80.74
civil-comments-20k,2,bin,20000,11.35,"{'0_non-toxic': 0.919, '1_toxic': 0.081}",augmentation_abusive_lexicon,-,-,5.0,0.3,5,-,-,77.76,78.11,1.3,99.17,99.73,98.62,0.0,0.0,0.0,99.54,99.22,99.54,99.13,99.54,99.88,96.4,59.12,0.0,0.0,0.0,93.38,78.0,93.41,77.68,93.38,81.52,96.54,59.68,0.0,0.0,0.0,93.62,78.9,93.5,77.44,93.63,81.78
civil-comments-20k,2,bin,20000,11.35,"{'0_non-toxic': 0.919, '1_toxic': 0.081}",augmentation_abusive_lexicon,-,-,7.5,0.1,3,-,-,78.4,78.46,0.28,98.5,99.65,97.35,0.0,0.0,0.0,99.38,98.53,99.38,98.46,99.38,99.69,96.63,60.17,0.0,0.0,0.0,93.79,79.5,93.61,77.53,93.79,82.55,96.73,60.2,0.0,0.0,0.0,93.95,80.53,93.67,76.87,93.95,82.43
civil-comments-20k,2,bin,20000,11.35,"{'0_non-toxic': 0.919, '1_toxic': 0.081}",augmentation_abusive_lexicon,-,-,7.5,0.1,5,-,-,78.6,78.62,0.84,98.45,99.64,97.27,0.0,0.0,0.0,99.36,98.61,99.36,98.3,99.36,99.77,96.5,60.69,0.0,0.0,0.0,93.58,78.44,93.66,78.91,93.57,82.19,96.59,60.65,0.0,0.0,0.0,93.72,79.09,93.65,78.24,93.72,82.13
civil-comments-20k,2,bin,20000,11.35,"{'0_non-toxic': 0.919, '1_toxic': 0.081}",augmentation_abusive_lexicon,-,-,7.5,0.3,3,-,-,78.44,78.57,0.88,98.48,99.64,97.31,0.0,0.0,0.0,99.37,98.58,99.37,98.38,99.37,99.72,96.62,60.25,0.0,0.0,0.0,93.77,79.39,93.6,77.61,93.77,81.13,96.7,60.44,0.0,0.0,0.0,93.92,80.06,93.65,77.27,93.92,81.24
civil-comments-20k,2,bin,20000,11.35,"{'0_non-toxic': 0.919, '1_toxic': 0.081}",augmentation_abusive_lexicon,-,-,7.5,0.3,5,-,-,79.13,78.09,0.62,98.61,99.67,97.54,0.0,0.0,0.0,99.42,98.66,99.42,98.55,99.42,99.77,96.79,61.47,0.0,0.0,0.0,94.07,80.59,93.82,77.87,94.07,82.42,96.7,59.48,0.0,0.0,0.0,93.89,80.22,93.54,76.32,93.89,81.55
civil-comments-20k,2,bin,20000,11.35,"{'0_non-toxic': 0.919, '1_toxic': 0.081}",augmentation_external_data_preprocessing,-,-,2.0,-,-,-,-,78.44,78.61,0.74,99.23,99.49,98.98,0.0,0.0,0.0,99.32,99.26,99.32,99.21,99.32,99.93,96.33,60.55,0.0,0.0,0.0,93.29,77.33,93.62,79.79,93.29,82.52,96.48,60.74,0.0,0.0,0.0,93.53,78.42,93.67,79.03,93.53,82.17
civil-comments-20k,2,bin,20000,11.35,"{'0_non-toxic': 0.919, '1_toxic': 0.081}",augmentation_external_data_preprocessing,-,-,3.0,-,-,-,-,79.2,78.0,0.41,99.34,99.67,99.01,0.0,0.0,0.0,99.51,99.34,99.51,99.34,99.51,99.96,96.49,61.92,0.0,0.0,0.0,93.57,78.37,93.86,80.32,93.57,81.42,96.42,59.58,0.0,0.0,0.0,93.43,78.1,93.49,78.13,93.43,80.11
civil-comments-20k,2,bin,20000,11.35,"{'0_non-toxic': 0.919, '1_toxic': 0.081}",augmentation_external_data_preprocessing,-,-,5.0,-,-,-,-,78.95,76.98,0.32,99.18,99.73,98.63,0.0,0.0,0.0,99.54,99.24,99.54,99.12,99.54,99.93,96.86,61.04,0.0,0.0,0.0,94.18,81.58,93.85,76.99,94.18,82.59,96.59,57.38,0.0,0.0,0.0,93.68,79.93,93.29,74.89,93.68,80.71
civil-comments-20k,2,bin,20000,11.35,"{'0_non-toxic': 0.919, '1_toxic': 0.081}",augmentation_external_data_preprocessing,-,-,7.5,-,-,-,-,79.28,77.88,0.65,99.31,99.84,98.77,0.0,0.0,0.0,99.71,99.35,99.71,99.26,99.71,99.92,96.7,61.85,0.0,0.0,0.0,93.93,79.81,93.84,78.83,93.93,82.5,96.6,59.15,0.0,0.0,0.0,93.72,79.43,93.46,76.6,93.72,81.34
civil-comments-20k,2,bin,20000,11.35,"{'0_non-toxic': 0.919, '1_toxic': 0.081}",baseline,-,-,-,-,-,-,-,78.64,79.19,1.24,97.91,99.66,96.16,0.0,0.0,0.0,99.38,97.92,99.38,97.89,99.38,99.26,96.48,60.8,0.0,0.0,0.0,93.53,78.3,93.66,79.08,93.53,81.98,96.61,61.78,0.0,0.0,0.0,93.77,79.1,93.82,79.39,93.77,82.1
civil-comments-20k,2,bin,20000,11.35,"{'0_non-toxic': 0.919, '1_toxic': 0.081}",fl,-,-,-,-,-,-,0.1,78.26,78.53,0.72,98.04,99.68,96.4,0.0,0.0,0.0,99.42,98.2,99.42,97.89,99.42,99.31,96.69,59.84,0.0,0.0,0.0,93.88,80.77,93.7,76.78,93.88,82.49,96.73,60.33,0.0,0.0,0.0,93.97,81.23,93.78,76.88,93.97,82.75
civil-comments-20k,2,bin,20000,11.35,"{'0_non-toxic': 0.919, '1_toxic': 0.081}",fl,-,-,-,-,-,-,0.2,78.38,79.14,0.7,97.83,99.65,96.02,0.0,0.0,0.0,99.36,97.99,99.36,97.68,99.36,99.26,96.67,60.09,0.0,0.0,0.0,93.85,79.95,93.63,77.19,93.85,82.24,96.78,61.5,0.0,0.0,0.0,94.07,80.89,93.88,77.92,94.07,82.22
civil-comments-20k,2,bin,20000,11.35,"{'0_non-toxic': 0.919, '1_toxic': 0.081}",fl,-,-,-,-,-,-,0.5,77.91,78.71,0.29,97.6,99.61,95.58,0.0,0.0,0.0,99.29,97.69,99.28,97.5,99.29,99.14,96.41,59.41,0.0,0.0,0.0,93.4,78.06,93.46,77.97,93.4,81.39,96.61,60.81,0.0,0.0,0.0,93.77,79.4,93.69,78.22,93.77,81.23
civil-comments-20k,2,bin,20000,11.35,"{'0_non-toxic': 0.919, '1_toxic': 0.081}",fl,-,-,-,-,-,-,1.0,78.44,78.24,1.61,98.11,99.7,96.53,0.0,0.0,0.0,99.44,98.24,99.44,97.99,99.44,99.42,96.73,60.15,0.0,0.0,0.0,93.95,80.61,93.69,76.91,93.95,82.04,96.71,59.77,0.0,0.0,0.0,93.92,80.66,93.66,76.67,93.93,81.31
civil-comments-20k,2,bin,20000,11.35,"{'0_non-toxic': 0.919, '1_toxic': 0.081}",fl,-,-,-,-,-,-,2.0,78.29,78.4,0.94,97.23,99.55,94.9,0.0,0.0,0.0,99.18,97.49,99.18,96.97,99.18,99.29,96.45,60.13,0.0,0.0,0.0,93.5,79.73,93.83,78.55,93.5,82.46,96.53,60.26,0.0,0.0,0.0,93.63,79.95,93.83,78.38,93.63,83.07
civil-comments-20k,2,bin,20000,11.35,"{'0_non-toxic': 0.919, '1_toxic': 0.081}",fl,-,-,-,-,-,-,5.0,78.45,78.83,1.31,95.84,99.33,92.36,0.0,0.0,0.0,98.77,95.96,98.76,95.73,98.77,98.73,96.75,60.15,0.0,0.0,0.0,93.99,80.8,93.69,76.75,93.99,82.86,96.86,60.79,0.0,0.0,0.0,94.19,81.68,93.82,76.72,94.19,82.87
civil-comments-20k,2,bin,20000,11.35,"{'0_non-toxic': 0.919, '1_toxic': 0.081}",sampling_modifiedRS_oversampling,2.0,-,-,-,-,-,-,77.91,77.86,0.96,99.54,99.69,99.38,0.0,0.0,0.0,99.59,99.52,99.59,99.55,99.59,99.98,95.98,59.83,0.0,0.0,0.0,92.7,76.29,93.66,80.88,92.7,82.18,96.08,59.65,0.0,0.0,0.0,92.86,76.55,93.61,80.31,92.86,81.93
civil-comments-20k,2,bin,20000,11.35,"{'0_non-toxic': 0.919, '1_toxic': 0.081}",sampling_modifiedRS_oversampling,3.0,-,-,-,-,-,-,78.52,78.87,1.27,99.48,99.74,99.22,0.0,0.0,0.0,99.61,99.47,99.61,99.49,99.61,99.94,96.43,60.61,0.0,0.0,0.0,93.47,78.56,93.74,79.23,93.47,82.65,96.51,61.24,0.0,0.0,0.0,93.61,79.15,93.82,79.21,93.61,82.48
civil-comments-20k,2,bin,20000,11.35,"{'0_non-toxic': 0.919, '1_toxic': 0.081}",sampling_modifiedRS_oversampling,5.0,-,-,-,-,-,-,79.08,79.07,1.56,99.0,99.67,98.33,0.0,0.0,0.0,99.44,99.0,99.44,99.0,99.44,99.81,96.54,61.63,0.0,0.0,0.0,93.65,79.0,93.87,79.71,93.65,82.56,96.54,61.6,0.0,0.0,0.0,93.65,79.28,93.87,79.42,93.65,82.6
civil-comments-20k,2,bin,20000,11.35,"{'0_non-toxic': 0.919, '1_toxic': 0.081}",sampling_modifiedRS_oversampling,7.5,-,-,-,-,-,-,78.45,78.8,1.44,98.85,99.73,97.97,0.0,0.0,0.0,99.53,99.06,99.52,98.65,99.53,99.75,96.49,60.41,0.0,0.0,0.0,93.55,78.4,93.6,78.62,93.55,82.15,96.56,61.05,0.0,0.0,0.0,93.68,78.98,93.71,78.74,93.68,81.77
civil-comments-20k,2,bin,20000,11.35,"{'0_non-toxic': 0.919, '1_toxic': 0.081}",sampling_modifiedRS_undersampling,2.0,-,-,-,-,-,-,79.11,79.0,0.46,98.23,98.81,97.66,0.0,0.0,0.0,98.42,98.01,98.44,98.47,98.42,99.31,96.3,61.92,0.0,0.0,0.0,93.26,77.14,93.87,81.6,93.26,82.44,96.32,61.68,0.0,0.0,0.0,93.28,77.3,93.83,81.15,93.28,81.99
civil-comments-20k,2,bin,20000,11.35,"{'0_non-toxic': 0.919, '1_toxic': 0.081}",sampling_modifiedRS_undersampling,3.0,-,-,-,-,-,-,78.96,77.98,0.19,98.01,99.0,97.02,0.0,0.0,0.0,98.5,97.77,98.51,98.26,98.5,99.39,96.38,61.54,0.0,0.0,0.0,93.38,77.76,93.81,80.59,93.38,81.64,96.3,59.66,0.0,0.0,0.0,93.22,77.35,93.5,78.91,93.23,81.16
civil-comments-20k,2,bin,20000,11.35,"{'0_non-toxic': 0.919, '1_toxic': 0.081}",sampling_modifiedRS_undersampling,5.0,-,-,-,-,-,-,78.97,77.91,1.13,97.12,99.03,95.2,0.0,0.0,0.0,98.39,96.84,98.4,97.4,98.39,98.94,96.34,61.6,0.0,0.0,0.0,93.33,77.65,93.83,80.8,93.32,83.04,96.24,59.58,0.0,0.0,0.0,93.12,77.01,93.48,79.13,93.12,81.41
civil-comments-20k,2,bin,20000,11.35,"{'0_non-toxic': 0.919, '1_toxic': 0.081}",sampling_modifiedRS_undersampling,7.5,-,-,-,-,-,-,79.27,78.73,1.7,97.23,99.35,95.11,0.0,0.0,0.0,98.85,97.22,98.85,97.24,98.85,99.2,96.49,62.05,0.0,0.0,0.0,93.58,78.91,93.97,80.42,93.57,82.87,96.41,61.05,0.0,0.0,0.0,93.43,78.48,93.77,79.54,93.43,82.17
civil-comments-20k,2,bin,20000,11.35,"{'0_non-toxic': 0.919, '1_toxic': 0.081}",th,-,-,-,-,-,-,-,78.55,77.66,1.14,98.23,99.71,96.74,0.0,0.0,0.0,99.47,98.27,99.47,98.18,99.47,99.55,96.13,60.97,0.0,0.0,0.0,92.97,76.46,93.77,81.49,92.97,81.79,96.05,59.27,0.0,0.0,0.0,92.81,76.03,93.45,79.86,92.81,81.44
civil-comments-40k,2,bin,40000,11.53,"{'0_non-toxic': 0.92, '1_toxic': 0.08}",augmentation_abusive_lexicon,-,-,2.0,0.1,3,-,-,79.09,79.34,0.46,99.43,99.62,99.25,0.0,0.0,0.0,99.5,99.43,99.5,99.44,99.5,99.96,96.65,61.54,0.0,0.0,0.0,93.83,79.26,93.9,79.17,93.83,82.4,96.71,61.98,0.0,0.0,0.0,93.95,79.67,93.98,79.25,93.95,83.31
civil-comments-40k,2,bin,40000,11.53,"{'0_non-toxic': 0.92, '1_toxic': 0.08}",augmentation_abusive_lexicon,-,-,2.0,0.1,5,-,-,78.0,78.75,0.19,99.42,99.61,99.23,0.0,0.0,0.0,99.48,99.43,99.48,99.42,99.48,99.96,96.62,59.38,0.0,0.0,0.0,93.76,79.1,93.55,77.03,93.76,81.35,96.8,60.7,0.0,0.0,0.0,94.08,80.45,93.8,77.29,94.08,82.42
civil-comments-40k,2,bin,40000,11.53,"{'0_non-toxic': 0.92, '1_toxic': 0.08}",augmentation_abusive_lexicon,-,-,2.0,0.3,3,-,-,77.99,79.34,0.08,99.31,99.54,99.08,0.0,0.0,0.0,99.39,99.31,99.39,99.31,99.39,99.96,96.61,59.37,0.0,0.0,0.0,93.74,79.24,93.59,77.09,93.74,81.21,96.85,61.82,0.0,0.0,0.0,94.18,80.89,94.0,78.16,94.18,82.84
civil-comments-40k,2,bin,40000,11.53,"{'0_non-toxic': 0.92, '1_toxic': 0.08}",augmentation_abusive_lexicon,-,-,2.0,0.3,5,-,-,78.49,79.33,0.67,99.52,99.68,99.36,0.0,0.0,0.0,99.57,99.53,99.57,99.51,99.57,99.98,96.65,60.33,0.0,0.0,0.0,93.83,79.23,93.69,77.83,93.83,80.46,96.8,61.85,0.0,0.0,0.0,94.1,80.21,93.94,78.52,94.1,81.86
civil-comments-40k,2,bin,40000,11.53,"{'0_non-toxic': 0.92, '1_toxic': 0.08}",augmentation_abusive_lexicon,-,-,3.0,0.1,3,-,-,78.42,78.52,0.05,99.23,99.61,98.84,0.0,0.0,0.0,99.42,99.23,99.42,99.22,99.42,99.94,96.51,60.33,0.0,0.0,0.0,93.59,78.67,93.76,78.75,93.59,81.39,96.55,60.49,0.0,0.0,0.0,93.66,78.89,93.79,78.71,93.66,82.4
civil-comments-40k,2,bin,40000,11.53,"{'0_non-toxic': 0.92, '1_toxic': 0.08}",augmentation_abusive_lexicon,-,-,3.0,0.1,5,-,-,78.05,78.32,0.35,99.28,99.64,98.92,0.0,0.0,0.0,99.46,99.28,99.46,99.29,99.46,99.95,96.69,59.4,0.0,0.0,0.0,93.88,79.71,93.58,76.6,93.88,81.14,96.79,59.84,0.0,0.0,0.0,94.06,80.59,93.7,76.45,94.06,82.42
civil-comments-40k,2,bin,40000,11.53,"{'0_non-toxic': 0.92, '1_toxic': 0.08}",augmentation_abusive_lexicon,-,-,3.0,0.3,3,-,-,78.27,78.44,0.8,99.15,99.58,98.72,0.0,0.0,0.0,99.36,99.18,99.36,99.12,99.36,99.93,96.56,59.98,0.0,0.0,0.0,93.67,79.01,93.71,78.13,93.67,81.63,96.59,60.29,0.0,0.0,0.0,93.72,79.29,93.8,78.34,93.72,82.16
civil-comments-40k,2,bin,40000,11.53,"{'0_non-toxic': 0.92, '1_toxic': 0.08}",augmentation_abusive_lexicon,-,-,3.0,0.3,5,-,-,78.76,78.55,0.53,99.32,99.66,98.98,0.0,0.0,0.0,99.49,99.36,99.49,99.29,99.49,99.96,96.7,60.82,0.0,0.0,0.0,93.92,79.89,93.82,78.0,93.92,81.7,96.72,60.37,0.0,0.0,0.0,93.95,80.05,93.78,77.48,93.95,82.54
civil-comments-40k,2,bin,40000,11.53,"{'0_non-toxic': 0.92, '1_toxic': 0.08}",augmentation_abusive_lexicon,-,-,5.0,0.1,3,-,-,78.43,78.98,0.77,98.81,99.6,98.01,0.0,0.0,0.0,99.34,98.87,99.34,98.74,99.34,99.85,96.51,60.34,0.0,0.0,0.0,93.59,78.17,93.67,78.73,93.59,81.64,96.57,61.4,0.0,0.0,0.0,93.7,78.4,93.84,79.63,93.7,82.63
civil-comments-40k,2,bin,40000,11.53,"{'0_non-toxic': 0.92, '1_toxic': 0.08}",augmentation_abusive_lexicon,-,-,5.0,0.1,5,-,-,78.65,79.66,0.8,98.91,99.64,98.19,0.0,0.0,0.0,99.4,99.0,99.4,98.83,99.4,99.85,96.82,60.48,0.0,0.0,0.0,94.11,80.86,93.82,76.98,94.11,82.19,96.97,62.35,0.0,0.0,0.0,94.39,81.9,94.12,77.96,94.39,83.47
civil-comments-40k,2,bin,40000,11.53,"{'0_non-toxic': 0.92, '1_toxic': 0.08}",augmentation_abusive_lexicon,-,-,5.0,0.3,3,-,-,78.18,79.45,0.32,98.54,99.51,97.56,0.0,0.0,0.0,99.19,98.59,99.19,98.48,99.19,99.81,96.57,59.79,0.0,0.0,0.0,93.69,78.83,93.62,77.75,93.69,81.45,96.78,62.13,0.0,0.0,0.0,94.06,80.19,94.02,79.0,94.06,82.43
civil-comments-40k,2,bin,40000,11.53,"{'0_non-toxic': 0.92, '1_toxic': 0.08}",augmentation_abusive_lexicon,-,-,5.0,0.3,5,-,-,78.19,78.42,0.49,99.02,99.68,98.37,0.0,0.0,0.0,99.46,99.11,99.46,98.94,99.46,99.87,96.86,59.52,0.0,0.0,0.0,94.18,82.29,93.87,75.76,94.17,81.93,96.88,59.96,0.0,0.0,0.0,94.22,82.54,93.95,76.03,94.22,83.47
civil-comments-40k,2,bin,40000,11.53,"{'0_non-toxic': 0.92, '1_toxic': 0.08}",augmentation_abusive_lexicon,-,-,7.5,0.1,3,-,-,78.86,78.31,0.19,98.85,99.73,97.97,0.0,0.0,0.0,99.52,98.95,99.52,98.75,99.52,99.77,96.92,60.79,0.0,0.0,0.0,94.29,81.78,93.88,76.53,94.29,82.05,96.81,59.81,0.0,0.0,0.0,94.09,80.75,93.71,76.32,94.09,82.6
civil-comments-40k,2,bin,40000,11.53,"{'0_non-toxic': 0.92, '1_toxic': 0.08}",augmentation_abusive_lexicon,-,-,7.5,0.1,5,-,-,78.72,78.95,0.97,98.52,99.65,97.38,0.0,0.0,0.0,99.39,98.69,99.38,98.35,99.39,99.74,96.71,60.74,0.0,0.0,0.0,93.93,79.89,93.82,78.0,93.93,82.04,96.78,61.12,0.0,0.0,0.0,94.05,80.33,93.9,78.01,94.05,82.77
civil-comments-40k,2,bin,40000,11.53,"{'0_non-toxic': 0.92, '1_toxic': 0.08}",augmentation_abusive_lexicon,-,-,7.5,0.3,3,-,-,78.88,78.76,0.84,98.87,99.74,98.01,0.0,0.0,0.0,99.53,98.91,99.53,98.84,99.53,99.82,96.67,61.1,0.0,0.0,0.0,93.86,79.29,93.81,78.61,93.86,81.99,96.63,60.89,0.0,0.0,0.0,93.79,78.97,93.79,78.68,93.79,82.51
civil-comments-40k,2,bin,40000,11.53,"{'0_non-toxic': 0.92, '1_toxic': 0.08}",augmentation_abusive_lexicon,-,-,7.5,0.3,5,-,-,79.58,79.11,0.44,98.3,99.6,97.0,0.0,0.0,0.0,99.3,98.44,99.3,98.17,99.3,99.67,96.93,62.23,0.0,0.0,0.0,94.32,81.58,94.08,78.07,94.32,82.68,96.82,61.4,0.0,0.0,0.0,94.12,80.61,93.93,77.96,94.12,83.43
civil-comments-40k,2,bin,40000,11.53,"{'0_non-toxic': 0.92, '1_toxic': 0.08}",augmentation_external_data_preprocessing,-,-,2.0,-,-,-,-,78.95,78.63,0.25,99.51,99.67,99.35,0.0,0.0,0.0,99.56,99.52,99.56,99.5,99.56,99.97,96.76,61.15,0.0,0.0,0.0,94.02,80.02,93.83,78.0,94.02,81.65,96.71,60.56,0.0,0.0,0.0,93.92,79.63,93.75,77.75,93.92,81.89
civil-comments-40k,2,bin,40000,11.53,"{'0_non-toxic': 0.92, '1_toxic': 0.08}",augmentation_external_data_preprocessing,-,-,3.0,-,-,-,-,79.65,78.85,0.54,98.96,99.48,98.44,0.0,0.0,0.0,99.22,99.05,99.22,98.87,99.22,99.88,96.95,62.35,0.0,0.0,0.0,94.35,81.87,94.13,78.09,94.35,82.37,96.79,60.91,0.0,0.0,0.0,94.07,80.59,93.88,77.64,94.07,81.92
civil-comments-40k,2,bin,40000,11.53,"{'0_non-toxic': 0.92, '1_toxic': 0.08}",augmentation_external_data_preprocessing,-,-,5.0,-,-,-,-,79.03,79.04,1.06,98.21,99.41,97.02,0.0,0.0,0.0,99.01,98.24,99.01,98.19,99.01,99.7,96.89,61.17,0.0,0.0,0.0,94.25,81.78,93.98,77.15,94.25,81.61,96.87,61.21,0.0,0.0,0.0,94.22,81.42,93.99,77.48,94.22,81.7
civil-comments-40k,2,bin,40000,11.53,"{'0_non-toxic': 0.92, '1_toxic': 0.08}",augmentation_external_data_preprocessing,-,-,7.5,-,-,-,-,78.84,78.94,0.9,98.09,99.55,96.63,0.0,0.0,0.0,99.21,98.24,99.21,97.95,99.21,99.62,96.61,61.07,0.0,0.0,0.0,93.77,79.24,93.87,78.99,93.77,81.42,96.65,61.23,0.0,0.0,0.0,93.83,79.39,93.91,79.06,93.83,82.08
civil-comments-40k,2,bin,40000,11.53,"{'0_non-toxic': 0.92, '1_toxic': 0.08}",baseline,-,-,-,-,-,-,-,79.24,79.22,0.55,97.55,99.61,95.48,0.0,0.0,0.0,99.28,97.81,99.28,97.29,99.28,99.18,96.75,61.73,0.0,0.0,0.0,94.01,80.13,93.94,78.62,94.01,82.43,96.79,61.66,0.0,0.0,0.0,94.08,80.46,93.96,78.36,94.08,82.94
civil-comments-40k,2,bin,40000,11.53,"{'0_non-toxic': 0.92, '1_toxic': 0.08}",fl,-,-,-,-,-,-,0.1,79.32,79.02,0.35,98.21,99.72,96.7,0.0,0.0,0.0,99.48,98.38,99.47,98.04,99.48,99.58,96.74,61.9,0.0,0.0,0.0,94.0,79.71,93.93,78.97,94.0,82.35,96.69,61.35,0.0,0.0,0.0,93.9,79.31,93.84,78.74,93.9,83.13
civil-comments-40k,2,bin,40000,11.53,"{'0_non-toxic': 0.92, '1_toxic': 0.08}",fl,-,-,-,-,-,-,0.2,79.35,78.54,0.19,97.66,99.63,95.69,0.0,0.0,0.0,99.32,97.83,99.31,97.49,99.32,99.28,96.96,61.73,0.0,0.0,0.0,94.38,82.04,94.02,77.2,94.38,82.95,96.84,60.24,0.0,0.0,0.0,94.15,81.09,93.79,76.52,94.15,82.81
civil-comments-40k,2,bin,40000,11.53,"{'0_non-toxic': 0.92, '1_toxic': 0.08}",fl,-,-,-,-,-,-,0.5,79.23,78.98,0.65,97.8,99.65,95.95,0.0,0.0,0.0,99.36,97.98,99.35,97.62,99.36,99.28,96.83,61.64,0.0,0.0,0.0,94.14,80.75,93.96,78.12,94.14,82.96,96.8,61.15,0.0,0.0,0.0,94.08,80.62,93.9,77.77,94.08,83.15
civil-comments-40k,2,bin,40000,11.53,"{'0_non-toxic': 0.92, '1_toxic': 0.08}",fl,-,-,-,-,-,-,1.0,79.03,78.67,1.66,98.12,99.7,96.55,0.0,0.0,0.0,99.45,98.26,99.45,97.99,99.45,99.5,96.86,61.21,0.0,0.0,0.0,94.2,81.11,93.92,77.46,94.2,82.44,96.81,60.53,0.0,0.0,0.0,94.09,80.52,93.8,77.2,94.09,82.35
civil-comments-40k,2,bin,40000,11.53,"{'0_non-toxic': 0.92, '1_toxic': 0.08}",fl,-,-,-,-,-,-,2.0,79.03,79.05,0.66,98.09,99.7,96.49,0.0,0.0,0.0,99.44,98.13,99.44,98.05,99.44,99.57,96.74,61.33,0.0,0.0,0.0,93.99,80.24,93.92,78.32,93.99,83.05,96.76,61.35,0.0,0.0,0.0,94.02,80.12,93.91,78.33,94.02,83.36
civil-comments-40k,2,bin,40000,11.53,"{'0_non-toxic': 0.92, '1_toxic': 0.08}",fl,-,-,-,-,-,-,5.0,79.43,78.85,0.82,97.16,99.55,94.78,0.0,0.0,0.0,99.17,97.17,99.17,97.16,99.17,99.24,96.82,62.04,0.0,0.0,0.0,94.14,80.48,93.98,78.57,94.14,82.67,96.69,61.01,0.0,0.0,0.0,93.9,79.46,93.82,78.39,93.9,83.29
civil-comments-40k,2,bin,40000,11.53,"{'0_non-toxic': 0.92, '1_toxic': 0.08}",sampling_modifiedRS_oversampling,2.0,-,-,-,-,-,-,78.88,78.72,0.74,99.55,99.7,99.39,0.0,0.0,0.0,99.6,99.53,99.6,99.56,99.6,99.97,96.73,61.04,0.0,0.0,0.0,93.97,79.84,93.82,78.1,93.97,80.81,96.67,60.77,0.0,0.0,0.0,93.85,79.28,93.78,78.31,93.85,81.52
civil-comments-40k,2,bin,40000,11.53,"{'0_non-toxic': 0.92, '1_toxic': 0.08}",sampling_modifiedRS_oversampling,3.0,-,-,-,-,-,-,78.81,79.47,0.31,99.17,99.59,98.76,0.0,0.0,0.0,99.38,99.14,99.38,99.2,99.38,99.93,96.67,60.96,0.0,0.0,0.0,93.87,79.4,93.8,78.37,93.87,82.32,96.76,62.18,0.0,0.0,0.0,94.04,79.97,94.01,79.18,94.04,82.97
civil-comments-40k,2,bin,40000,11.53,"{'0_non-toxic': 0.92, '1_toxic': 0.08}",sampling_modifiedRS_oversampling,5.0,-,-,-,-,-,-,79.16,79.65,0.85,98.78,99.59,97.96,0.0,0.0,0.0,99.32,98.81,99.32,98.75,99.32,99.82,96.7,61.61,0.0,0.0,0.0,93.93,79.67,93.91,78.89,93.93,82.97,96.73,62.56,0.0,0.0,0.0,93.99,79.67,94.07,79.91,93.99,83.89
civil-comments-40k,2,bin,40000,11.53,"{'0_non-toxic': 0.92, '1_toxic': 0.08}",sampling_modifiedRS_oversampling,7.5,-,-,-,-,-,-,79.0,79.24,0.4,98.26,99.59,96.93,0.0,0.0,0.0,99.28,98.51,99.28,98.02,99.28,99.62,96.85,61.16,0.0,0.0,0.0,94.18,81.09,93.92,77.47,94.18,82.57,96.85,61.63,0.0,0.0,0.0,94.19,80.97,93.98,77.95,94.19,83.23
civil-comments-40k,2,bin,40000,11.53,"{'0_non-toxic': 0.92, '1_toxic': 0.08}",sampling_modifiedRS_undersampling,2.0,-,-,-,-,-,-,79.06,79.24,0.46,98.53,99.01,98.05,0.0,0.0,0.0,98.69,98.34,98.7,98.73,98.69,99.59,96.61,61.52,0.0,0.0,0.0,93.77,79.03,93.9,79.42,93.77,82.36,96.63,61.86,0.0,0.0,0.0,93.8,79.04,93.96,79.74,93.8,82.78
civil-comments-40k,2,bin,40000,11.53,"{'0_non-toxic': 0.92, '1_toxic': 0.08}",sampling_modifiedRS_undersampling,3.0,-,-,-,-,-,-,79.12,78.71,0.51,97.01,98.49,95.54,0.0,0.0,0.0,97.74,96.73,97.77,97.3,97.74,99.05,96.44,61.8,0.0,0.0,0.0,93.49,77.69,93.92,80.86,93.49,82.29,96.3,61.13,0.0,0.0,0.0,93.24,76.85,93.84,81.08,93.24,82.45
civil-comments-40k,2,bin,40000,11.53,"{'0_non-toxic': 0.92, '1_toxic': 0.08}",sampling_modifiedRS_undersampling,5.0,-,-,-,-,-,-,79.25,79.26,0.36,96.99,98.99,94.99,0.0,0.0,0.0,98.31,96.64,98.33,97.35,98.31,99.01,96.54,61.96,0.0,0.0,0.0,93.67,78.51,93.96,80.31,93.67,82.76,96.56,61.95,0.0,0.0,0.0,93.7,78.54,93.97,80.33,93.7,83.17
civil-comments-40k,2,bin,40000,11.53,"{'0_non-toxic': 0.92, '1_toxic': 0.08}",sampling_modifiedRS_undersampling,7.5,-,-,-,-,-,-,79.39,79.21,0.35,97.36,99.38,95.35,0.0,0.0,0.0,98.9,97.18,98.91,97.54,98.9,99.13,96.6,62.19,0.0,0.0,0.0,93.76,78.88,94.01,80.32,93.76,83.1,96.56,61.87,0.0,0.0,0.0,93.69,78.64,93.97,80.23,93.69,83.14
civil-comments-40k,2,bin,40000,11.53,"{'0_non-toxic': 0.92, '1_toxic': 0.08}",th,-,-,-,-,-,-,-,77.34,77.73,0.25,98.82,99.81,97.82,0.0,0.0,0.0,99.65,98.86,99.65,98.78,99.65,99.77,96.06,58.63,0.0,0.0,0.0,92.8,75.58,93.43,79.61,92.8,80.07,96.1,59.37,0.0,0.0,0.0,92.88,75.82,93.57,80.27,92.88,81.09
