data_name,num_classes,data_type,label_col,variant,sampling_modifiedRS_rho,sampling_weightedRS_percentage,loss,wce_alpha,fl_gamma,pl_seed,val_f1_macro,test_f1_macro,test_f1_per_label_0,test_f1_per_label_1,test_f1_per_label_2,test_f1_per_label_3,test_f1_per_label_4,test_accuracy,test_precision_macro,test_precision_weighted,test_recall_macro,test_recall_weighted,test_auprc,mlflow_run_id
us-election-2020,2,bin,label,wfl,-,-,Loss.Weighted_Focal_Loss,0.9,0.1,0,0.7948232293128967,0.737089216709137,0.9408450722694397,0.5333333611488342,0,0,0,0.8949999809265137,0.7148955464363098,0.908668577671051,0.7681161165237427,0.8949999809265137,0.7721962928771973,fe151ad39d7f46639914f3841b8c8d82
us-election-2020,2,bin,label,augmentation_bert,-,-,Loss.CE_Loss,-,-,0,0.7960450649261475,0.7338551878929138,0.9534246325492859,0.5142857432365417,0,0,0,0.9150000214576721,0.7645974159240723,0.9073022603988647,0.7112535238265991,0.9150000214576721,0.7415097951889038,690834c61d3940a3904b1951ae61c65a
us-election-2020,2,bin,label,wfl,-,-,Loss.Weighted_Focal_Loss,0.75,5.0,21,0.7978436946868896,0.780506432056427,0.9575645923614502,0.6034482717514038,0,0,0,0.9233333468437195,0.7849180698394775,0.9221941828727722,0.7762774229049683,0.9233333468437195,0.8035280704498291,a5504d6c61e841babe9f62fbcc99ef5c
us-election-2020,2,bin,label,wfl,-,-,Loss.Weighted_Focal_Loss,0.1,0.5,21,0.7930594086647034,0.770416259765625,0.9567617177963257,0.5840708017349243,0,0,0,0.92166668176651,0.7817460298538208,0.918822705745697,0.7602525353431702,0.92166668176651,0.7465671300888062,951b8e77b2d8406ca23beb61bba65196
us-election-2020,2,bin,label,wce,-,-,Loss.Weighted_CE_Loss,0.1,-,21,0.8028451204299927,0.7444349527359009,0.9582577347755432,0.5306122303009033,0,0,0,0.9233333468437195,0.8039215803146362,0.9141830205917358,0.7083241939544678,0.9233333468437195,0.7654498219490051,6a139d74b0264b0b92934b737fd87459
us-election-2020,2,bin,label,fl,-,-,Loss.Focal_Loss,-,0.1,42,0.8184974789619446,0.7186976671218872,0.9413953423500061,0.4959999918937683,0,0,0,0.8949999809265137,0.7086312770843506,0.9005751609802246,0.7303643226623535,0.8949999809265137,0.742413341999054,c7f181dde0cd478cacd8d902f024f123
us-election-2020,2,bin,label,wfl,-,-,Loss.Weighted_Focal_Loss,0.5,0.2,0,0.8145999312400818,0.7423336505889893,0.9501845240592957,0.5344827771186829,0,0,0,0.9100000262260437,0.7461471557617188,0.9086514711380005,0.7386822700500488,0.9100000262260437,0.7626597881317139,3fa9dacc654d4dd993daa99f3154797d
us-election-2020,2,bin,label,wfl,-,-,Loss.Weighted_Focal_Loss,0.5,2.0,42,0.7901395559310913,0.7354497313499451,0.9523809552192688,0.5185185074806213,0,0,0,0.9133333563804626,0.7575836181640625,0.9071281552314758,0.7178796529769897,0.9133333563804626,0.7678176164627075,059235d3daee43e8abb12b633429386e
us-election-2020,2,bin,label,augmentation_bert,-,-,Loss.CE_Loss,-,-,42,0.7616615295410156,0.7049247026443481,0.946886420249939,0.46296295523643494,0,0,0,0.903333306312561,0.724249005317688,0.8961985111236572,0.6896832585334778,0.9033333659172058,0.7266963124275208,de218b7a258a435892911e995cc789d9
us-election-2020,2,bin,label,wfl,-,-,Loss.Weighted_Focal_Loss,0.9,0.5,21,0.7870370149612427,0.7826911807060242,0.9616087675094604,0.6037735939025879,0,0,0,0.9300000071525574,0.8160132169723511,0.924593448638916,0.7573232650756836,0.9300000071525574,0.757016658782959,b4456b55519443fa9aab61b9da5f86ea
us-election-2020,2,bin,label,augmentation_wordnet,-,-,Loss.CE_Loss,-,-,21,0.765974760055542,0.7229810357093811,0.9566003680229187,0.4893617033958435,0,0,0,0.9200000166893005,0.7967129945755005,0.9088343977928162,0.6838246583938599,0.9200000166893005,0.7316571474075317,805ffa31c6664f11a232e0bafc3347e6
us-election-2020,2,bin,label,fl,-,-,Loss.Focal_Loss,-,5.0,42,0.7816077470779419,0.7327716946601868,0.9452182054519653,0.5203251838684082,0,0,0,0.9016666412353516,0.7248134613037109,0.9054135084152222,0.7416115999221802,0.9016667008399963,0.7703572511672974,e07741ee96bd4fbca4ab613cfe42665e
us-election-2020,2,bin,label,wfl,-,-,Loss.Weighted_Focal_Loss,0.9,5.0,0,0.7674598693847656,0.7311753034591675,0.9399625062942505,0.5223880410194397,0,0,0,0.8933333158493042,0.7104762196540833,0.9063366055488586,0.7596415877342224,0.8933333158493042,0.7679550647735596,090aa6f503fa46b89bd75c4f6a5ea0d2
us-election-2020,2,bin,label,sampling_weightedRS_oversampling,-,2.0,Loss.CE_Loss,-,-,0,0.8280520439147949,0.743468165397644,0.9491211771965027,0.5378151535987854,0,0,0,0.9083333611488342,0.7416666746139526,0.9090278148651123,0.7453083992004395,0.9083333611488342,0.7315289974212646,24b541ad8926425f87d763ed0c9e87af
us-election-2020,2,bin,label,augmentation_bert,-,-,Loss.CE_Loss,-,-,0,0.7757009267807007,0.7557997703552246,0.9560439586639404,0.5555555820465088,0,0,0,0.9200000166893005,0.7798066735267639,0.9144145846366882,0.7366772294044495,0.9200000166893005,0.7732383608818054,5a1bd840901b4a228e3b563911736e85
us-election-2020,2,bin,label,sampling_weightedRS_oversampling,-,1.0,Loss.CE_Loss,-,-,21,0.7871978282928467,0.7274351119995117,0.9463955760002136,0.508474588394165,0,0,0,0.903333306312561,0.7274351119995117,0.9033333659172058,0.7274351119995117,0.9033333659172058,0.7443941235542297,9625b3792bd24e96a15ae1891dfc46c7
us-election-2020,2,bin,label,wfl,-,-,Loss.Weighted_Focal_Loss,0.25,2.0,42,0.7614200115203857,0.765974760055542,0.9578754305839539,0.5740740895271301,0,0,0,0.9233333468437195,0.7909181714057922,0.9180577993392944,0.7460759878158569,0.9233333468437195,0.7647634148597717,e143e6c170d845e395b6aa442dc3773b
us-election-2020,2,bin,label,augmentation_bert,-,-,Loss.CE_Loss,-,-,21,0.7361252903938293,0.6921069622039795,0.9461187124252319,0.43809524178504944,0,0,0,0.9016666412353516,0.7175090312957764,0.8922412991523743,0.6736583113670349,0.9016667008399963,0.6950461268424988,3d7869568568422f89a26609f849040f
us-election-2020,2,bin,label,wfl,-,-,Loss.Weighted_Focal_Loss,0.875,1.0,0,0.8263888359069824,0.7840057015419006,0.9564411640167236,0.6115702390670776,0,0,0,0.92166668176651,0.7779409885406494,0.9234783053398132,0.7904539704322815,0.92166668176651,0.8076560497283936,5d7a531fbb0b440d823d5f4248ec0880
us-election-2020,2,bin,label,wfl,-,-,Loss.Weighted_Focal_Loss,0.875,0.1,21,0.802314043045044,0.7786857485771179,0.9513108730316162,0.6060606241226196,0,0,0,0.9133333563804626,0.7559460401535034,0.9230400323867798,0.8084839582443237,0.9133333563804626,0.779297947883606,8b06b05a4b8d486d8828081ea5337925
us-election-2020,2,bin,label,augmentation_wordnet,-,-,Loss.CE_Loss,-,-,42,0.783963680267334,0.6872299909591675,0.9317118525505066,0.442748099565506,0,0,0,0.878333330154419,0.6729798316955566,0.8900420665740967,0.7060214877128601,0.878333330154419,0.7145264148712158,7c6018e0b2f24518887fe02478c22d2a
us-election-2020,2,bin,label,wfl,-,-,Loss.Weighted_Focal_Loss,0.875,0.5,0,0.8137900829315186,0.7654986381530762,0.9452829957008362,0.5857142806053162,0,0,0,0.903333306312561,0.735745370388031,0.9201686382293701,0.8104890584945679,0.903333306312561,0.7581326365470886,d84bb45c3a404feba463acac33415ec7
us-election-2020,2,bin,label,wfl,-,-,Loss.Weighted_Focal_Loss,0.75,2.0,21,0.7931969165802002,0.7667088508605957,0.9568411111831665,0.5765765905380249,0,0,0,0.92166668176651,0.7830572724342346,0.9177543520927429,0.7527021169662476,0.92166668176651,0.792853832244873,fec1899f40c24411a11dc12cdb8e5d7d
us-election-2020,2,bin,label,wfl,-,-,Loss.Weighted_Focal_Loss,0.9,0.2,0,0.8382749557495117,0.810671329498291,0.9599254131317139,0.6614173054695129,0,0,0,0.9283333420753479,0.7928460836410522,0.9335892796516418,0.8319026231765747,0.9283333420753479,0.8023733496665955,7190e41999f04087b70424d54aa4413a
us-election-2020,2,bin,label,augmentation_bert,-,-,Loss.CE_Loss,-,-,42,0.8018653988838196,0.7291820049285889,0.9535095691680908,0.5048543810844421,0,0,0,0.9150000214576721,0.7657783031463623,0.9062565565109253,0.7037031054496765,0.9150000214576721,0.7351987361907959,597041f6ed9f4a3daa1501e0548aa447
us-election-2020,2,bin,label,wfl,-,-,Loss.Weighted_Focal_Loss,0.75,0.1,0,0.8122066259384155,0.7547585964202881,0.9529954195022583,0.5565217137336731,0,0,0,0.9150000214576721,0.7608981132507324,0.9131052494049072,0.7490053176879883,0.9150000214576721,0.77685546875,c2d25eb37aea47a09ffc3f533d79dc50
us-election-2020,2,bin,label,wfl,-,-,Loss.Weighted_Focal_Loss,0.9,0.2,42,0.8198640942573547,0.8079999685287476,0.9599999785423279,0.656000018119812,0,0,0,0.9283333420753479,0.793752133846283,0.9323592782020569,0.8243522644042969,0.9283333420753479,0.78718101978302,d416cd2422404cfd8558d29f5169b039
us-election-2020,2,bin,label,wfl,-,-,Loss.Weighted_Focal_Loss,0.5,1.0,42,0.8052403926849365,0.7351327538490295,0.9554139971733093,0.5148515105247498,0,0,0,0.9183333516120911,0.7799539566040039,0.9092153310775757,0.7055515646934509,0.9183333516120911,0.7860853672027588,812856c9519d41a294ca58b95df133a0
us-election-2020,2,bin,label,sampling_modifiedRS_oversampling,1.2,-,Loss.CE_Loss,-,-,42,0.8447160720825195,0.7651663422584534,0.9589040875434875,0.5714285969734192,0,0,0,0.925000011920929,0.7999136447906494,0.9185978770256042,0.7394498586654663,0.925000011920929,0.779799222946167,ea0b9b227b0f4ab79045e5108ee086b5
us-election-2020,2,bin,label,fl,-,-,Loss.Focal_Loss,-,1.0,42,0.8111284375190735,0.7473329305648804,0.956204354763031,0.5384615659713745,0,0,0,0.9200000166893005,0.783183217048645,0.9124884605407715,0.7215765118598938,0.9200000166893005,0.7763843536376953,2f7d051881274dea825406915f0d84d5
us-election-2020,2,bin,label,wfl,-,-,Loss.Weighted_Focal_Loss,0.875,0.2,21,0.8352479934692383,0.7585055828094482,0.9529085755348206,0.5641025900840759,0,0,0,0.9150000214576721,0.760497510433197,0.9143615365028381,0.7565556764602661,0.9150000214576721,0.7603764533996582,2b8fe6256a544c0d832c1c3787504f2f
us-election-2020,2,bin,label,sampling_modifiedRS_oversampling,2.0,-,Loss.CE_Loss,-,-,21,0.7932265996932983,0.7709090709686279,0.9618181586265564,0.5799999833106995,0,0,0,0.9300000071525574,0.8268249034881592,0.9228295683860779,0.7346721291542053,0.9300000071525574,0.7611832618713379,38ccacd7e77f413b886efb242d7b401c
us-election-2020,2,bin,label,augmentation_wordnet,-,-,Loss.CE_Loss,-,-,0,0.7556781768798828,0.660669207572937,0.9185606241226196,0.4027777910232544,0,0,0,0.8566666841506958,0.6414620280265808,0.8826913833618164,0.6940066814422607,0.8566666841506958,0.6999260187149048,5822babca3b74b46b3164a1302da89ba
us-election-2020,2,bin,label,sampling_modifiedRS_oversampling,3,-,Loss.CE_Loss,-,-,42,0.8031060695648193,0.773993194103241,0.956682026386261,0.591304361820221,0,0,0,0.92166668176651,0.7805935144424438,0.9199321866035461,0.7678028345108032,0.92166668176651,0.7756195664405823,e830d8670e0042a89e57f18e870d1593
us-election-2020,2,bin,label,fl,-,-,Loss.Focal_Loss,-,0.5,42,0.8055555820465088,0.7381818294525146,0.9563636183738708,0.5199999809265137,0,0,0,0.9200000166893005,0.7875561714172363,0.9107954502105713,0.7064757943153381,0.9200000166893005,0.7450248003005981,8ce93ad9fd2f4c99ba350e96d57d6d3f
us-election-2020,2,bin,label,sampling_modifiedRS_oversampling,5,-,Loss.CE_Loss,-,-,0,0.7958873510360718,0.7397831678390503,0.9522935748100281,0.5272727012634277,0,0,0,0.9133333563804626,0.7569913268089294,0.9083103537559509,0.7254300117492676,0.9133333563804626,0.7569454908370972,2b5f3a3a0eb3455ab8f1139d0a6fbca3
us-election-2020,2,bin,label,sampling_weightedRS_oversampling,-,2.0,Loss.CE_Loss,-,-,21,0.8042219877243042,0.7685185074806213,0.9537037014961243,0.5833333134651184,0,0,0,0.9166666865348816,0.7646217942237854,0.9179390072822571,0.772580623626709,0.9166666865348816,0.7822704911231995,074da89e803e43ee8037041d5d607512
us-election-2020,2,bin,label,wfl,-,-,Loss.Weighted_Focal_Loss,0.1,0.1,0,0.4676131308078766,0.47414547204971313,0.9482909440994263,0.0,0,0,0,0.9016666412353516,0.4508333206176758,0.8130027651786804,0.5,0.9016666412353516,0.5631834268569946,d6c4fe784b3d4f689e9a6bbf30210437
us-election-2020,2,bin,label,wfl,-,-,Loss.Weighted_Focal_Loss,0.1,0.5,0,0.4676131308078766,0.47414547204971313,0.9482909440994263,0.0,0,0,0,0.9016666412353516,0.4508333206176758,0.8130027651786804,0.5,0.9016666412353516,0.498642235994339,563f81526b514f35a2735f91cc9a1b1f
us-election-2020,2,bin,label,sampling_modifiedRS_oversampling,1.0,-,Loss.CE_Loss,-,-,0,0.7838277816772461,0.7490909099578857,0.9581817984580994,0.5400000214576721,0,0,0,0.9233333468437195,0.8006457686424255,0.9148067831993103,0.7158745527267456,0.9233333468437195,0.7136064171791077,a95001dda6e849a58517c85ad6a28e77
us-election-2020,2,bin,label,wfl,-,-,Loss.Weighted_Focal_Loss,0.9,5.0,42,0.826737642288208,0.7621283531188965,0.9464788436889648,0.5777778029441833,0,0,0,0.9049999713897705,0.737494945526123,0.917712390422821,0.7963125705718994,0.9049999713897705,0.7836900949478149,883aae39ff324c5282bf50e8c0fe3ae2
us-election-2020,2,bin,label,wfl,-,-,Loss.Weighted_Focal_Loss,0.9,2.0,42,0.836240291595459,0.7718908786773682,0.9536178112030029,0.5901639461517334,0,0,0,0.9166666865348816,0.7642990350723267,0.919238269329071,0.7801309823989868,0.9166666865348816,0.7723222970962524,6a5ce2a0c29a46009bfe0a862a3e492d
us-election-2020,2,bin,label,wfl,-,-,Loss.Weighted_Focal_Loss,0.1,0.2,21,0.4676131308078766,0.47414547204971313,0.9482909440994263,0.0,0,0,0,0.9016666412353516,0.4508333206176758,0.8130027651786804,0.5,0.9016666412353516,0.5466940402984619,bcb78b39628c44b48e10a6ea37c829b8
us-election-2020,2,bin,label,wfl,-,-,Loss.Weighted_Focal_Loss,0.25,0.5,0,0.8038601875305176,0.8023881912231445,0.960148274898529,0.64462810754776,0,0,0,0.9283333420753479,0.7959287762641907,0.9300023317337036,0.8092515468597412,0.9283333420753479,0.7545229196548462,9a5070468397467da7362c9ae26fd9d9
us-election-2020,2,bin,label,wfl,-,-,Loss.Weighted_Focal_Loss,0.875,0.5,42,0.8042219877243042,0.7774463295936584,0.9566020369529724,0.5982906222343445,0,0,0,0.92166668176651,0.7795839309692383,0.9210795164108276,0.7753532528877258,0.92166668176651,0.7777588367462158,6c2613c71fb64d3e8cc91d87598ac693
us-election-2020,2,bin,label,wfl,-,-,Loss.Weighted_Focal_Loss,0.875,5.0,0,0.7654986381530762,0.7402235269546509,0.9450139999389648,0.5354330539703369,0,0,0,0.9016666412353516,0.7265037298202515,0.9084618091583252,0.7567123174667358,0.9016667008399963,0.7923528552055359,881a563a6e2c45be8e0176ff4e6bb900
us-election-2020,2,bin,label,sampling_modifiedRS_oversampling,1.5,-,Loss.CE_Loss,-,-,42,0.8045964241027832,0.7536421418190002,0.9499072432518005,0.5573770403862,0,0,0,0.9100000262260437,0.7465637922286987,0.912758469581604,0.7613333463668823,0.9100000262260437,0.7626282572746277,c2cbce00c9864f92a4b683653d7c6372
us-election-2020,2,bin,label,wfl,-,-,Loss.Weighted_Focal_Loss,0.25,0.1,42,0.8357614278793335,0.7291820049285889,0.9535095691680908,0.5048543810844421,0,0,0,0.9150000214576721,0.7657783031463623,0.9062565565109253,0.7037031054496765,0.9150000214576721,0.7167263031005859,a4a79a2a727047649312a1c88f911596
us-election-2020,2,bin,label,wfl,-,-,Loss.Weighted_Focal_Loss,0.25,0.5,42,0.8243346214294434,0.7585055828094482,0.9529085755348206,0.5641025900840759,0,0,0,0.9150000214576721,0.760497510433197,0.9143615365028381,0.7565556764602661,0.9150000214576721,0.7638485431671143,d7b4bcd2105d450fa220dd054b4e708e
us-election-2020,2,bin,label,fl,-,-,Loss.Focal_Loss,-,2.0,21,0.8045729994773865,0.7527729272842407,0.9550870656967163,0.5504587292671204,0,0,0,0.9183333516120911,0.7736363410949707,0.9131242632865906,0.7357529997825623,0.9183333516120911,0.7416191101074219,00dec85b52ce495b93597f41c1df4578
us-election-2020,2,bin,label,wfl,-,-,Loss.Weighted_Focal_Loss,0.875,2.0,42,0.8031060695648193,0.7584471702575684,0.9476635456085205,0.5692307949066162,0,0,0,0.9066666960716248,0.739769458770752,0.915412425994873,0.7821360230445862,0.9066666960716248,0.7839618921279907,524f148d97a84a478cb73741940260ca
us-election-2020,2,bin,label,wfl,-,-,Loss.Weighted_Focal_Loss,0.5,0.1,42,0.7892682552337646,0.7435221672058105,0.92946857213974,0.5575757622718811,0,0,0,0.878333330154419,0.7038232088088989,0.9206114411354065,0.834377646446228,0.878333330154419,0.8140883445739746,d0011460968d440ea1f49694f9c2054a
us-election-2020,2,bin,label,sampling_weightedRS,-,0.0,Loss.CE_Loss,-,-,21,0.7960450649261475,0.753807783126831,0.9540441036224365,0.5535714030265808,0,0,0,0.9166666865348816,0.766858696937561,0.9130276441574097,0.7423791289329529,0.9166666865348816,0.7745364308357239,8228292afaad44dcb7fbf1806344094b
us-election-2020,2,bin,label,baseline,-,-,Loss.CE_Loss,-,-,0,0.7801858186721802,0.744349479675293,0.9612263441085815,0.5274725556373596,0,0,0,0.9283333420753479,0.8441901206970215,0.9198563098907471,0.695996105670929,0.9283333420753479,0.7709929347038269,866b2d9149dc4b42ae29342dd2beea88
us-election-2020,2,bin,label,sampling_weightedRS_oversampling,-,1.0,Loss.CE_Loss,-,-,0,0.7763518691062927,0.7341397404670715,0.9472710490226746,0.5210084319114685,0,0,0,0.9049999713897705,0.7324073910713196,0.9057191014289856,0.735909640789032,0.9050000309944153,0.7229933738708496,d2cff6109c9e42fd9d94cf22fc3c5973
us-election-2020,2,bin,label,sampling_weightedRS,-,0.5,Loss.CE_Loss,-,-,0,0.8100664615631104,0.7437734603881836,0.9449113011360168,0.5426356792449951,0,0,0,0.9016666412353516,0.7273584604263306,0.9100031852722168,0.7642626762390137,0.9016666412353516,0.730913519859314,592de71336d74250ac21056d4e2b64cc
us-election-2020,2,bin,label,fl,-,-,Loss.Focal_Loss,-,5.0,21,0.7726212739944458,0.7025440335273743,0.9479451775550842,0.4571428596973419,0,0,0,0.9049999713897705,0.7292811274528503,0.8960065245628357,0.6830570697784424,0.9050000309944153,0.7125049233436584,2f924049f1014a35ad4a995e4276497e
us-election-2020,2,bin,label,wfl,-,-,Loss.Weighted_Focal_Loss,0.1,0.1,21,0.7926802635192871,0.7066720128059387,0.9437788128852844,0.469565212726593,0,0,0,0.8983333110809326,0.7116596698760986,0.8960381746292114,0.7020113468170166,0.8983333706855774,0.7029585838317871,0dbc4aded3144e9ea2d31059ff37d030
us-election-2020,2,bin,label,wfl,-,-,Loss.Weighted_Focal_Loss,0.9,1.0,21,0.8128460645675659,0.761144757270813,0.9486461281776428,0.5736433863639832,0,0,0,0.9083333611488342,0.7435309886932373,0.916215181350708,0.7830602526664734,0.9083333611488342,0.7636315822601318,27070371180041feb2ca7bd844d96fa9
us-election-2020,2,bin,label,wfl,-,-,Loss.Weighted_Focal_Loss,0.1,0.5,42,0.4676131308078766,0.47414547204971313,0.9482909440994263,0.0,0,0,0,0.9016666412353516,0.4508333206176758,0.8130027651786804,0.5,0.9016666412353516,0.5413796901702881,2695384e38084dd6b20ff000b1e56ea2
us-election-2020,2,bin,label,wfl,-,-,Loss.Weighted_Focal_Loss,0.875,5.0,21,0.7901118993759155,0.7691340446472168,0.9588289260864258,0.5794392228126526,0,0,0,0.925000011920929,0.7975543737411499,0.9194369316101074,0.7470002174377441,0.925000011920929,0.7798163294792175,53c37ff811ba40d8adfe32bbb630d86d
us-election-2020,2,bin,label,sampling_modifiedRS_oversampling,2.0,-,Loss.CE_Loss,-,-,0,0.8102084994316101,0.7439600825309753,0.9522058963775635,0.5357142686843872,0,0,0,0.9133333563804626,0.7565106153488159,0.9095239043235779,0.7329803705215454,0.9133333563804626,0.7653558254241943,58d6c380a1e341b1bd71c4204f65f980
us-election-2020,2,bin,label,th,-,-,Loss.CE_Loss,-,-,21,0.7870370149612427,0.7497915029525757,0.9541284441947937,0.5454545617103577,0,0,0,0.9166666865348816,0.767706036567688,0.9118808507919312,0.7348288297653198,0.9166666865348816,0.7574824094772339,7fd8c894a1e04968bcd569006f254464
us-election-2020,2,bin,label,wce,-,-,Loss.Weighted_CE_Loss,0.75,-,0,0.8128460645675659,0.7524591684341431,0.9467787146568298,0.5581395626068115,0,0,0,0.9049999713897705,0.7354447841644287,0.9131091833114624,0.7736614346504211,0.9050000309944153,0.7472044229507446,f88de6af68ad43e79cb91ba2bccbaf14
us-election-2020,2,bin,label,wfl,-,-,Loss.Weighted_Focal_Loss,0.25,2.0,21,0.7815387845039368,0.7355555295944214,0.9387370347976685,0.5323740839958191,0,0,0,0.8916666507720947,0.7100961804389954,0.9089984893798828,0.7738181352615356,0.8916666507720947,0.750495195388794,7407a9c80afb466fb4f02e6d854a8a06
us-election-2020,2,bin,label,wfl,-,-,Loss.Weighted_Focal_Loss,0.75,5.0,42,0.7981199026107788,0.7592592239379883,0.9518518447875977,0.5666666626930237,0,0,0,0.9133333563804626,0.7554974555969238,0.9146541357040405,0.7631818056106567,0.9133333563804626,0.7934545874595642,1e6d413edab24eaeb85b5c6af561aaeb
us-election-2020,2,bin,label,wfl,-,-,Loss.Weighted_Focal_Loss,0.9,0.1,42,0.8102084994316101,0.7547585964202881,0.9529954195022583,0.5565217137336731,0,0,0,0.9150000214576721,0.7608981132507324,0.9131052494049072,0.7490053176879883,0.9150000214576721,0.7487140893936157,68a24ac5d552418c9845839500168502
us-election-2020,2,bin,label,sampling_modifiedRS_oversampling,5,-,Loss.CE_Loss,-,-,21,0.7690060138702393,0.7614200115203857,0.9538745284080505,0.568965494632721,0,0,0,0.9166666865348816,0.7655326128005981,0.9154227375984192,0.7574799060821533,0.9166666865348816,0.7833805084228516,2a30ab3f880347e380044eb32b158621
us-election-2020,2,bin,label,sampling_weightedRS,-,-0.5,Loss.CE_Loss,-,-,21,0.7788211107254028,0.7899553179740906,0.9604415893554688,0.6194690465927124,0,0,0,0.9283333420753479,0.8020960092544556,0.9257675409317017,0.7790501117706299,0.9283333420753479,0.781174898147583,7dd36b5e3eb44893b7a405a5eeb15c95
us-election-2020,2,bin,label,fl,-,-,Loss.Focal_Loss,-,0.1,21,0.7976702451705933,0.7409523725509644,0.9352381229400635,0.54666668176651,0,0,0,0.8866666555404663,0.7075930237770081,0.9140846729278564,0.8012468814849854,0.8866667151451111,0.7819780111312866,444ce70fb9f749c4a92416442d98554b
us-election-2020,2,bin,label,wfl,-,-,Loss.Weighted_Focal_Loss,0.9,1.0,0,0.809739887714386,0.7865633964538574,0.96051424741745,0.6126126050949097,0,0,0,0.9283333420753479,0.8041128516197205,0.9248270988464355,0.771499752998352,0.9283333420753479,0.795411229133606,1eab173c6d25457980442ee3dc8d0e25
us-election-2020,2,bin,label,wfl,-,-,Loss.Weighted_Focal_Loss,0.1,0.2,0,0.4676131308078766,0.47414547204971313,0.9482909440994263,0.0,0,0,0,0.9016666412353516,0.4508333206176758,0.8130027651786804,0.5,0.9016666412353516,0.5514382123947144,5165bc68a43e426d85e580db6bb71859
us-election-2020,2,bin,label,wfl,-,-,Loss.Weighted_Focal_Loss,0.5,0.2,21,0.791996955871582,0.7586191892623901,0.940057098865509,0.5771812200546265,0,0,0,0.8949999809265137,0.7232025861740112,0.9203605651855469,0.820968747138977,0.8949999809265137,0.7969661355018616,37dfc6631af44732a68131dbe49eaa3c
us-election-2020,2,bin,label,wfl,-,-,Loss.Weighted_Focal_Loss,0.5,2.0,0,0.7774463295936584,0.7252105474472046,0.955575704574585,0.49484536051750183,0,0,0,0.9183333516120911,0.7846506834030151,0.9076182842254639,0.6904507875442505,0.9183333516120911,0.7585828304290771,3e4fbd90dc3f4d95ba4bac5e6ed52864
us-election-2020,2,bin,label,wfl,-,-,Loss.Weighted_Focal_Loss,0.1,5.0,0,0.4676131308078766,0.47414547204971313,0.9482909440994263,0.0,0,0,0,0.9016666412353516,0.4508333206176758,0.8130027651786804,0.5,0.9016666412353516,0.5759599208831787,d59ac0efd1c04de1ad9f83c484c7b867
us-election-2020,2,bin,label,wfl,-,-,Loss.Weighted_Focal_Loss,0.5,0.2,42,0.8087863326072693,0.7472407221794128,0.949026882648468,0.5454545617103577,0,0,0,0.9083333611488342,0.7419654726982117,0.9104304313659668,0.7528588175773621,0.9083333611488342,0.7958295345306396,9ec9ef85e7414db9bfeb9d1157e0b502
us-election-2020,2,bin,label,wfl,-,-,Loss.Weighted_Focal_Loss,0.9,0.5,0,0.7992801666259766,0.7553661465644836,0.9412878751754761,0.5694444179534912,0,0,0,0.8966666460037231,0.723700761795044,0.9175834059715271,0.806792140007019,0.8966666460037231,0.752227783203125,02d75859736e4f5b98234adb0c67dcf6
us-election-2020,2,bin,label,wfl,-,-,Loss.Weighted_Focal_Loss,0.25,5.0,0,0.4676131308078766,0.47414547204971313,0.9482909440994263,0.0,0,0,0,0.9016666412353516,0.4508333206176758,0.8130027651786804,0.5,0.9016666412353516,0.5622739791870117,69bf45d1ae964463af5dd8219b4bb176
us-election-2020,2,bin,label,fl,-,-,Loss.Focal_Loss,-,0.2,21,0.8023881912231445,0.7932277917861938,0.9603686928749084,0.626086950302124,0,0,0,0.9283333420753479,0.8002888560295105,0.9267590045928955,0.7866004705429077,0.9283333420753479,0.8077904582023621,61c1f2003e24420cbc1673e6306661a7
us-election-2020,2,bin,label,sampling_modifiedRS_oversampling,1.0,-,Loss.CE_Loss,-,-,21,0.7557823061943054,0.726269006729126,0.9443413615226746,0.5081967115402222,0,0,0,0.8999999761581421,0.7199609875679016,0.9030386209487915,0.7331370115280151,0.9000000357627869,0.7395123243331909,8872b207e2814612a7ee74b3864f87cd
us-election-2020,2,bin,label,wfl,-,-,Loss.Weighted_Focal_Loss,0.9,0.5,42,0.8012838959693909,0.7744290232658386,0.9556376934051514,0.5932203531265259,0,0,0,0.9200000166893005,0.7744290232658386,0.9200000166893005,0.7744290232658386,0.9200000166893005,0.7747501730918884,52f23dc2500c4eb19f083f9dc84b9ddc
us-election-2020,2,bin,label,wfl,-,-,Loss.Weighted_Focal_Loss,0.25,2.0,0,0.8023881912231445,0.7555464506149292,0.9600725769996643,0.5510203838348389,0,0,0,0.9266666769981384,0.8176333904266357,0.9183116555213928,0.71772301197052,0.9266666769981384,0.7873709201812744,2e3d5879aa0b4d1398e9a7c778e2074d
us-election-2020,2,bin,label,wce,-,-,Loss.Weighted_CE_Loss,0.9,-,21,0.8134316205978394,0.7633488178253174,0.950697660446167,0.5759999752044678,0,0,0,0.9116666913032532,0.7511917352676392,0.9164671897888184,0.7773582935333252,0.9116666913032532,0.7707325220108032,f01ca340e8964307b7b11207a72662b4
us-election-2020,2,bin,label,wfl,-,-,Loss.Weighted_Focal_Loss,0.5,2.0,21,0.809739887714386,0.76286381483078,0.9569202661514282,0.5688073635101318,0,0,0,0.92166668176651,0.7845454216003418,0.9167303442955017,0.7451517581939697,0.92166668176651,0.7796382904052734,ba14e53c72b748b78f2386dee1bc74a1
us-election-2020,2,bin,label,sampling_modifiedRS_oversampling,3,-,Loss.CE_Loss,-,-,0,0.7739449143409729,0.7490295171737671,0.9468778967857361,0.5511810779571533,0,0,0,0.9049999713897705,0.7347965240478516,0.9116027355194092,0.7661111354827881,0.9050000309944153,0.7801848649978638,38b0390c58e842caafc3da32cdb34b5a
us-election-2020,2,bin,label,wfl,-,-,Loss.Weighted_Focal_Loss,0.9,1.0,42,0.8012838959693909,0.7627664804458618,0.9517624974250793,0.5737704634666443,0,0,0,0.9133333563804626,0.7554314136505127,0.9159983396530151,0.7707321643829346,0.9133333563804626,0.7508558034896851,27409ef2de134deab3bd88531f5295a2
us-election-2020,2,bin,label,sampling_weightedRS,-,0.5,Loss.CE_Loss,-,-,21,0.753807783126831,0.7460659742355347,0.9602169990539551,0.5319148898124695,0,0,0,0.9266666769981384,0.8270543813705444,0.9176452159881592,0.7026222944259644,0.9266666769981384,0.7747815847396851,eafc6d3be8904e0fb834dcc4dd7b6653
us-election-2020,2,bin,label,sampling_weightedRS_oversampling,-,2.0,Loss.CE_Loss,-,-,42,0.8111284375190735,0.7833508253097534,0.9595588445663452,0.6071428656578064,0,0,0,0.9266666769981384,0.7979028224945068,0.9235388040542603,0.7705755233764648,0.9266666769981384,0.7680590152740479,0492d4b72af946edb318e5c1a2408e61
us-election-2020,2,bin,label,wfl,-,-,Loss.Weighted_Focal_Loss,0.1,1.0,21,0.7865633964538574,0.7214186191558838,0.9526411890983582,0.4901960790157318,0,0,0,0.9133333563804626,0.7601770162582397,0.9037983417510986,0.6952285766601562,0.9133333563804626,0.718841016292572,a3480d7227f24cdbb459f1eae88940e0
us-election-2020,2,bin,label,sampling_modifiedRS_oversampling,1.2,-,Loss.CE_Loss,-,-,0,0.7931969165802002,0.723418116569519,0.9515981674194336,0.4952380955219269,0,0,0,0.9116666913032532,0.7528252601623535,0.9035369753837585,0.7018547058105469,0.9116666913032532,0.7618160247802734,0ac83a63eb7f47ea9aafca0141d3aa63
us-election-2020,2,bin,label,fl,-,-,Loss.Focal_Loss,-,0.5,0,0.8228399157524109,0.7215686440467834,0.9475620985031128,0.4955752193927765,0,0,0,0.9049999713897705,0.7308709621429443,0.9014607667922974,0.7132585644721985,0.9050000309944153,0.7656459212303162,d003ff48e501438ba4027c1d66105449
us-election-2020,2,bin,label,th,-,-,Loss.CE_Loss,-,-,0,0.8235005736351013,0.7661589980125427,0.9516728520393372,0.5806451439857483,0,0,0,0.9133333563804626,0.7554277777671814,0.9173649549484253,0.7782825231552124,0.9133333563804626,0.7937671542167664,7e97cf57a48e4a849fc9f69cde30dfdc
us-election-2020,2,bin,label,baseline,-,-,Loss.CE_Loss,-,-,42,0.8280520439147949,0.7735031843185425,0.9577205777168274,0.5892857313156128,0,0,0,0.9233333468437195,0.7875547409057617,0.9200350046157837,0.7611767053604126,0.9233333468437195,0.7803198099136353,38bd6ed7ef9248a8ac465a3894232286
us-election-2020,2,bin,label,augmentation_bert,-,-,Loss.CE_Loss,-,-,0,0.7842784523963928,0.7274351119995117,0.9463955760002136,0.508474588394165,0,0,0,0.903333306312561,0.7274351119995117,0.9033333659172058,0.7274351119995117,0.9033333659172058,0.7709661722183228,dc9a92b699c348329b0bd5503934a608
us-election-2020,2,bin,label,wfl,-,-,Loss.Weighted_Focal_Loss,0.1,2.0,42,0.8111284375190735,0.746854305267334,0.9531680345535278,0.5405405163764954,0,0,0,0.9150000214576721,0.7620016932487488,0.910681426525116,0.7339046001434326,0.9150000214576721,0.7638504505157471,ef1d6978a87b4aa2bd3bcd9efcf022a6
us-election-2020,2,bin,label,wfl,-,-,Loss.Weighted_Focal_Loss,0.75,0.2,0,0.8122066259384155,0.7508888840675354,0.9489322304725647,0.5528455376625061,0,0,0,0.9083333611488342,0.7423040866851807,0.9118509292602539,0.7604091167449951,0.9083333611488342,0.7720643877983093,50e9fc7b7d834107a7d581f5f5291acb
us-election-2020,2,bin,label,sampling_weightedRS,-,-0.5,Loss.CE_Loss,-,-,42,0.7347480058670044,0.6948718428611755,0.929311990737915,0.46043166518211365,0,0,0,0.875,0.6740384697914124,0.8941826820373535,0.726824164390564,0.8749999403953552,0.7210476398468018,61c9f00dd1fa47858df128512738856b
us-election-2020,2,bin,label,sampling_modifiedRS_oversampling,1.5,-,Loss.CE_Loss,-,-,21,0.8045729994773865,0.7451412677764893,0.9511520862579346,0.539130449295044,0,0,0,0.9116666913032532,0.7510504126548767,0.9096919298171997,0.739606499671936,0.9116666913032532,0.7696024775505066,0df6e051a2ed4fccaaaa91097ce81c90
us-election-2020,2,bin,label,wce,-,-,Loss.Weighted_CE_Loss,0.9,-,0,0.7958873510360718,0.7656232118606567,0.9527339935302734,0.5785123705863953,0,0,0,0.9150000214576721,0.7599532604217529,0.9169543385505676,0.7716563940048218,0.9150000214576721,0.7659781575202942,ec5bcda61fe048999c18dbd52cb39049
us-election-2020,2,bin,label,wfl,-,-,Loss.Weighted_Focal_Loss,0.75,0.1,42,0.8102084994316101,0.7801858186721802,0.9586016535758972,0.6017699241638184,0,0,0,0.925000011920929,0.7919210195541382,0.922295093536377,0.7696512937545776,0.925000011920929,0.8051162958145142,76b210414ed44ee69cdb1097d3132b12
us-election-2020,2,bin,label,wfl,-,-,Loss.Weighted_Focal_Loss,0.1,1.0,0,0.4676131308078766,0.47414547204971313,0.9482909440994263,0.0,0,0,0,0.9016666412353516,0.4508333206176758,0.8130027651786804,0.5,0.9016666412353516,0.588853120803833,68fa449e83c94e4ca50a0455cd484698
us-election-2020,2,bin,label,sampling_weightedRS,-,0.0,Loss.CE_Loss,-,-,42,0.7764874696731567,0.7718908786773682,0.9536178112030029,0.5901639461517334,0,0,0,0.9166666865348816,0.7642990350723267,0.919238269329071,0.7801309823989868,0.9166666865348816,0.7418505549430847,20ceeb4f1dc04ebabd4dee9c8e518896
us-election-2020,2,bin,label,wfl,-,-,Loss.Weighted_Focal_Loss,0.5,0.1,21,0.8145999312400818,0.767975926399231,0.9547553062438965,0.5811966061592102,0,0,0,0.9183333516120911,0.77004075050354,0.9177205562591553,0.7659544348716736,0.9183333516120911,0.8011374473571777,a33b128a021341caacfbc84d5e607128
us-election-2020,2,bin,label,wfl,-,-,Loss.Weighted_Focal_Loss,0.75,0.2,21,0.8100664615631104,0.784387469291687,0.951127827167511,0.6176470518112183,0,0,0,0.9133333563804626,0.7564748525619507,0.9259945750236511,0.8235846757888794,0.9133332967758179,0.7894508242607117,1235e72b7bbe48f595ad933402d64408
us-election-2020,2,bin,label,wfl,-,-,Loss.Weighted_Focal_Loss,0.875,5.0,42,0.7670740485191345,0.7614200115203857,0.9538745284080505,0.568965494632721,0,0,0,0.9166666865348816,0.7655326128005981,0.9154227375984192,0.7574799060821533,0.9166666865348816,0.7764778137207031,a44aba77b671448e98b696918a69d40f
us-election-2020,2,bin,label,sampling_weightedRS,-,0.0,Loss.CE_Loss,-,-,0,0.7490352392196655,0.7139946222305298,0.9537624716758728,0.47422680258750916,0,0,0,0.9150000214576721,0.7706031203269958,0.9034262299537659,0.681052029132843,0.9150000214576721,0.7325310707092285,dfea856d7b0b474c82d18fd6b1cdb7d9
us-election-2020,2,bin,label,wfl,-,-,Loss.Weighted_Focal_Loss,0.25,5.0,42,0.7585055828094482,0.72826087474823,0.95652174949646,0.5,0,0,0,0.9200000166893005,0.7932407855987549,0.9093965291976929,0.6913750171661377,0.9200000166893005,0.7309740781784058,a98d04602d0c44d68bc95127d11ab9b6
us-election-2020,2,bin,label,wfl,-,-,Loss.Weighted_Focal_Loss,0.25,0.1,0,0.7957099080085754,0.7547585964202881,0.9529954195022583,0.5565217137336731,0,0,0,0.9150000214576721,0.7608981132507324,0.9131052494049072,0.7490053176879883,0.9150000214576721,0.7809852361679077,7e94e5efc8114e04a948e529d454ce72
us-election-2020,2,bin,label,wfl,-,-,Loss.Weighted_Focal_Loss,0.25,1.0,42,0.7694422006607056,0.7154828906059265,0.9435707926750183,0.48739495873451233,0,0,0,0.8983333110809326,0.7138888835906982,0.8991018533706665,0.7171120643615723,0.8983333706855774,0.7474837899208069,3fc0fca2da184f88ac1ddf8172bae55e
us-election-2020,2,bin,label,wfl,-,-,Loss.Weighted_Focal_Loss,0.9,2.0,0,0.8413333892822266,0.7276279330253601,0.9432558417320251,0.5120000243186951,0,0,0,0.8983333110809326,0.7171433568000793,0.9037535190582275,0.7397631406784058,0.8983333706855774,0.7721445560455322,e263de22a63f49a0ad106750189ab2a3
us-election-2020,2,bin,label,wfl,-,-,Loss.Weighted_Focal_Loss,0.75,1.0,42,0.7871774435043335,0.7206029295921326,0.9506398439407349,0.49056604504585266,0,0,0,0.9100000262260437,0.7467584609985352,0.9022573232650757,0.7009304761886597,0.9100000262260437,0.7420331835746765,15d8a221b9bb4d4aa79b935028ad015c
us-election-2020,2,bin,label,fl,-,-,Loss.Focal_Loss,-,1.0,21,0.8017517328262329,0.721523106098175,0.9327014088630676,0.5103448033332825,0,0,0,0.8816666603088379,0.693715512752533,0.905380129814148,0.7682728171348572,0.8816666603088379,0.7588898539543152,3afbc76510144d178fe5509776ac8e38
us-election-2020,2,bin,label,wce,-,-,Loss.Weighted_CE_Loss,0.25,-,42,0.8219442963600159,0.7497915029525757,0.9541284441947937,0.5454545617103577,0,0,0,0.9166666865348816,0.767706036567688,0.9118808507919312,0.7348288297653198,0.9166666865348816,0.7875072956085205,42664fecaed24c749ec4e28ccb600945
us-election-2020,2,bin,label,fl,-,-,Loss.Focal_Loss,-,5.0,0,0.7899806499481201,0.7369270324707031,0.9513314962387085,0.522522509098053,0,0,0,0.9116666913032532,0.7514739036560059,0.907145082950592,0.7245057821273804,0.9116666913032532,0.7783634662628174,980295f62e394f899f3726ec4cb5a6f2
us-election-2020,2,bin,label,wfl,-,-,Loss.Weighted_Focal_Loss,0.75,1.0,0,0.8063598871231079,0.722500205039978,0.9495875239372253,0.4954128563404083,0,0,0,0.9083333611488342,0.7409090995788574,0.9023060202598572,0.7075566053390503,0.9083333611488342,0.7529976963996887,1a403d641a094a569149816bc8e23262
us-election-2020,2,bin,label,wce,-,-,Loss.Weighted_CE_Loss,0.875,-,42,0.8049126863479614,0.7812092900276184,0.9544185996055603,0.6079999804496765,0,0,0,0.9183333516120911,0.7682158946990967,0.9228240847587585,0.7961559295654297,0.9183333516120911,0.778357207775116,ba03c95999214965883065b292204e2b
us-election-2020,2,bin,label,wfl,-,-,Loss.Weighted_Focal_Loss,0.75,0.5,21,0.7790138125419617,0.7211896181106567,0.9423791766166687,0.5,0,0,0,0.8966666460037231,0.7122933268547058,0.9013740420341492,0.7312885522842407,0.8966667056083679,0.7591812610626221,4b1a657abf904ec98ba547a3b3de712d
us-election-2020,2,bin,label,wfl,-,-,Loss.Weighted_Focal_Loss,0.875,0.1,42,0.8087863326072693,0.7722790837287903,0.952558159828186,0.5920000076293945,0,0,0,0.9150000214576721,0.7597037553787231,0.9196456074714661,0.7867571115493774,0.9150000214576721,0.7733491063117981,758b4ba5c8564b9a8d405c735452eace
us-election-2020,2,bin,label,wfl,-,-,Loss.Weighted_Focal_Loss,0.1,2.0,21,0.80031418800354,0.7407407760620117,0.9481481313705444,0.5333333611488342,0,0,0,0.9066666960716248,0.7372486591339111,0.9080844521522522,0.744384229183197,0.9066666960716248,0.755030632019043,649866c7fed9460e9dfb6f8ea5cfac57
us-election-2020,2,bin,label,augmentation_wordnet,-,-,Loss.CE_Loss,-,-,21,0.7571651339530945,0.7135109305381775,0.9517743587493896,0.4752475321292877,0,0,0,0.9116666913032532,0.754352331161499,0.9013010263442993,0.6867539882659912,0.9116666913032532,0.7263239026069641,232dbdd2aeac462ca6e5aec9d98796fc
us-election-2020,2,bin,label,wfl,-,-,Loss.Weighted_Focal_Loss,0.1,1.0,42,0.7833508253097534,0.7333234548568726,0.9564428329467773,0.5102040767669678,0,0,0,0.9200000166893005,0.7902097702026367,0.9100543856620789,0.6989253759384155,0.9200000166893005,0.7531472444534302,50beabbd89a14fd0935c34d75c3ed1e5
us-election-2020,2,bin,label,wfl,-,-,Loss.Weighted_Focal_Loss,0.9,0.1,21,0.808388352394104,0.7789163589477539,0.9616788029670715,0.5961538553237915,0,0,0,0.9300000071525574,0.8192192316055298,0.9239178895950317,0.749772846698761,0.9300000071525574,0.7757724523544312,89eabe22edce419fb439554e3eee1a5b
us-election-2020,2,bin,label,wfl,-,-,Loss.Weighted_Focal_Loss,0.875,0.2,42,0.810671329498291,0.7748144865036011,0.9545875787734985,0.5950413346290588,0,0,0,0.9183333516120911,0.7689471244812012,0.9202162623405457,0.7810551524162292,0.9183333516120911,0.796245813369751,e0107704f7364a28b20debaee21f2b6e
us-election-2020,2,bin,label,wfl,-,-,Loss.Weighted_Focal_Loss,0.875,1.0,21,0.7972499132156372,0.728858232498169,0.9453197121620178,0.5123966932296753,0,0,0,0.9016666412353516,0.7239776849746704,0.9039064645767212,0.7340612411499023,0.9016667008399963,0.7913268804550171,b6069e4b8c3543abb96694a592911c33
us-election-2020,2,bin,label,wfl,-,-,Loss.Weighted_Focal_Loss,0.1,5.0,21,0.7901103496551514,0.7114385366439819,0.9547920227050781,0.4680851101875305,0,0,0,0.9166666865348816,0.7815423607826233,0.904429018497467,0.6744258999824524,0.9166666865348816,0.7615780830383301,0dcfb41c115147ac9a3ad000a4d0f2c7
us-election-2020,2,bin,label,fl,-,-,Loss.Focal_Loss,-,0.1,0,0.8414727449417114,0.7735031843185425,0.9577205777168274,0.5892857313156128,0,0,0,0.9233333468437195,0.7875547409057617,0.9200350046157837,0.7611767053604126,0.9233333468437195,0.797125518321991,78ae377240db44d899eb454d01dddb4d
us-election-2020,2,bin,label,wce,-,-,Loss.Weighted_CE_Loss,0.1,-,42,0.4676131308078766,0.47414547204971313,0.9482909440994263,0.0,0,0,0,0.9016666412353516,0.4508333206176758,0.8130027651786804,0.5,0.9016666412353516,0.5179781317710876,c107c77644d649c988496082d7727bc2
us-election-2020,2,bin,label,wfl,-,-,Loss.Weighted_Focal_Loss,0.9,5.0,21,0.8219685554504395,0.7551305890083313,0.9477611780166626,0.5625,0,0,0,0.9066666960716248,0.7392122745513916,0.913915753364563,0.7745856642723083,0.9066666960716248,0.7814393639564514,28130fd3a8844408bb579fcd0920e7b4
us-election-2020,2,bin,label,wfl,-,-,Loss.Weighted_Focal_Loss,0.75,0.2,42,0.8258513808250427,0.7661589980125427,0.9516728520393372,0.5806451439857483,0,0,0,0.9133333563804626,0.7554277777671814,0.9173649549484253,0.7782825231552124,0.9133333563804626,0.7900075912475586,30af3b7cc72242e38b67c3e7fdab94d9
us-election-2020,2,bin,label,baseline,-,-,Loss.CE_Loss,-,-,21,0.8063598871231079,0.7508772611618042,0.9530819058418274,0.5486725568771362,0,0,0,0.9150000214576721,0.761396050453186,0.9118779301643372,0.7414549589157104,0.9150000214576721,0.78333580493927,1068decf52a943d4989e2e4f0264bba4
us-election-2020,2,bin,label,wfl,-,-,Loss.Weighted_Focal_Loss,0.25,0.1,21,0.8157656192779541,0.803227424621582,0.9642530083656311,0.642201840877533,0,0,0,0.9350000023841858,0.828181803226471,0.9311544895172119,0.7827469706535339,0.9350000023841858,0.7862984538078308,b85815a6c3d44e0297098d214c6bd4dc
us-election-2020,2,bin,label,sampling_weightedRS,-,-0.5,Loss.CE_Loss,-,-,0,0.7959133982658386,0.6992398500442505,0.9313264489173889,0.46715328097343445,0,0,0,0.878333330154419,0.6792661547660828,0.8953706622123718,0.7286725640296936,0.878333330154419,0.7390186786651611,f5c93ad5ab954c06a602ddd7ad41a177
us-election-2020,2,bin,label,wce,-,-,Loss.Weighted_CE_Loss,0.25,-,0,0.8280520439147949,0.7627664804458618,0.9517624974250793,0.5737704634666443,0,0,0,0.9133333563804626,0.7554314136505127,0.9159983396530151,0.7707321643829346,0.9133333563804626,0.7792919874191284,de6faea829724e90a96a71d0758d37c0
us-election-2020,2,bin,label,wfl,-,-,Loss.Weighted_Focal_Loss,0.875,0.1,0,0.7843393087387085,0.7544186115264893,0.9488372206687927,0.5600000023841858,0,0,0,0.9083333611488342,0.7426795959472656,0.9132888317108154,0.7679595351219177,0.9083333611488342,0.734717845916748,6e33fa512bbc4318a8c630d78215648b
us-election-2020,2,bin,label,wfl,-,-,Loss.Weighted_Focal_Loss,0.25,0.2,21,0.8171428442001343,0.7276132106781006,0.9400749206542969,0.5151515007019043,0,0,0,0.8933333158493042,0.7091575860977173,0.9046922326087952,0.7520912289619446,0.8933333158493042,0.7631654739379883,d16405812baf4c97a146ad52cee40f7d
us-election-2020,2,bin,label,wfl,-,-,Loss.Weighted_Focal_Loss,0.25,0.5,21,0.792827844619751,0.7643758654594421,0.9548386931419373,0.573913037776947,0,0,0,0.9183333516120911,0.7707458138465881,0.9165187478065491,0.7584041357040405,0.9183333516120911,0.7430377006530762,3114cf493b0649ffa7615f4bd1266b0c
us-election-2020,2,bin,label,wfl,-,-,Loss.Weighted_Focal_Loss,0.5,0.5,42,0.7871232032775879,0.7473329305648804,0.956204354763031,0.5384615659713745,0,0,0,0.9200000166893005,0.783183217048645,0.9124884605407715,0.7215765118598938,0.9200000166893005,0.7848024964332581,034289e188104fd980fbef0a5c639173
us-election-2020,2,bin,label,fl,-,-,Loss.Focal_Loss,-,1.0,0,0.8106049299240112,0.7474747896194458,0.939393937587738,0.5555555820465088,0,0,0,0.8933333158493042,0.7168475389480591,0.914675772190094,0.7973934412002563,0.8933333158493042,0.7611421942710876,6de3e5c4d2af475fb69560f5cadb4b7d
us-election-2020,2,bin,label,augmentation_wordnet,-,-,Loss.CE_Loss,-,-,21,0.8018653988838196,0.7368052005767822,0.9543795585632324,0.5192307829856873,0,0,0,0.9166666865348816,0.7711712121963501,0.9086787104606628,0.7121776938438416,0.9166666865348816,0.759337306022644,61a8edf190be458cad7a7a08aa04f8cb
us-election-2020,2,bin,label,augmentation_wordnet,-,-,Loss.CE_Loss,-,-,0,0.7900584936141968,0.711799144744873,0.9457221627235413,0.47787609696388245,0,0,0,0.9016666412353516,0.720695972442627,0.8979883790016174,0.703859806060791,0.9016667008399963,0.7267372608184814,61a2c8623b8d4e4dba8485539cf4dadf
us-election-2020,2,bin,label,sampling_modifiedRS_oversampling,2.0,-,Loss.CE_Loss,-,-,42,0.8322639465332031,0.7718908786773682,0.9536178112030029,0.5901639461517334,0,0,0,0.9166666865348816,0.7642990350723267,0.919238269329071,0.7801309823989868,0.9166666865348816,0.7971742153167725,45b9a2080cbd42769ad47cca7e1b401d
us-election-2020,2,bin,label,wce,-,-,Loss.Weighted_CE_Loss,0.25,-,21,0.7633488178253174,0.723418116569519,0.9515981674194336,0.4952380955219269,0,0,0,0.9116666913032532,0.7528252601623535,0.9035369753837585,0.7018547058105469,0.9116666913032532,0.6952924132347107,601299ea89ff48f3bc859261425b2ded
us-election-2020,2,bin,label,wfl,-,-,Loss.Weighted_Focal_Loss,0.875,1.0,42,0.7871232032775879,0.7930392026901245,0.9634369015693665,0.6226415038108826,0,0,0,0.9333333373069763,0.8275556564331055,0.9283162355422974,0.7667220234870911,0.9333333373069763,0.7830570936203003,a5807167045b47f9bdea8aa17fd3a223
us-election-2020,2,bin,label,wce,-,-,Loss.Weighted_CE_Loss,0.1,-,0,0.4676131308078766,0.47414547204971313,0.9482909440994263,0.0,0,0,0,0.9016666412353516,0.4508333206176758,0.8130027651786804,0.5,0.9016666412353516,0.5343713164329529,99550221e8944929b3bad3259f670650
us-election-2020,2,bin,label,wfl,-,-,Loss.Weighted_Focal_Loss,0.5,5.0,0,0.7812092900276184,0.7383519411087036,0.9533394575119019,0.5233644843101501,0,0,0,0.9150000214576721,0.7635869383811951,0.9083907008171082,0.7188038229942322,0.9150000214576721,0.7607882022857666,8a59ae613765457197ef45d20785d929
us-election-2020,2,bin,label,wfl,-,-,Loss.Weighted_Focal_Loss,0.25,0.2,42,0.7957099080085754,0.7154828906059265,0.9435707926750183,0.48739495873451233,0,0,0,0.8983333110809326,0.7138888835906982,0.8991018533706665,0.7171120643615723,0.8983333706855774,0.7773481607437134,3b1245f066004bed9aeb43255d268129
us-election-2020,2,bin,label,fl,-,-,Loss.Focal_Loss,-,2.0,42,0.7473329305648804,0.7460659742355347,0.9602169990539551,0.5319148898124695,0,0,0,0.9266666769981384,0.8270543813705444,0.9176452159881592,0.7026222944259644,0.9266666769981384,0.7884484529495239,8a2f45f6fc2c4a8cb99685ba779204e5
us-election-2020,2,bin,label,wfl,-,-,Loss.Weighted_Focal_Loss,0.75,0.1,21,0.7988572716712952,0.7071451544761658,0.9458218812942505,0.46846845746040344,0,0,0,0.9016666412353516,0.7198904752731323,0.8965359330177307,0.6963093876838684,0.9016667008399963,0.7331452369689941,b87ff6678ab04a5db79a51b24c82db76
us-election-2020,2,bin,label,fl,-,-,Loss.Focal_Loss,-,0.2,42,0.826651930809021,0.7714534997940063,0.9546716213226318,0.5882353186607361,0,0,0,0.9183333516120911,0.769444465637207,0.9189537167549133,0.7735048532485962,0.9183333516120911,0.7982128858566284,57e14bfc1f1848988036e944361a1b0c
us-election-2020,2,bin,label,fl,-,-,Loss.Focal_Loss,-,2.0,0,0.7585055828094482,0.7345234751701355,0.9584086537361145,0.5106382966041565,0,0,0,0.9233333468437195,0.8118836879730225,0.9132397770881653,0.6932234764099121,0.9233333468437195,0.7694900035858154,bb386d41f496409cbd7a44c931b233a0
us-election-2020,2,bin,label,wfl,-,-,Loss.Weighted_Focal_Loss,0.875,0.2,0,0.8050479888916016,0.7694422006607056,0.9515828490257263,0.5873016119003296,0,0,0,0.9133333563804626,0.755481481552124,0.9187531471252441,0.7858328819274902,0.9133333563804626,0.790024995803833,7b22eca60a904deaa93d5a42d26d93f9
us-election-2020,2,bin,label,wfl,-,-,Loss.Weighted_Focal_Loss,0.75,2.0,0,0.7901395559310913,0.7291820049285889,0.9535095691680908,0.5048543810844421,0,0,0,0.9150000214576721,0.7657783031463623,0.9062565565109253,0.7037031054496765,0.9150000214576721,0.7729676961898804,c939a498ee71460f9bc216a6cc3cd789
us-election-2020,2,bin,label,wfl,-,-,Loss.Weighted_Focal_Loss,0.5,0.5,0,0.8284422159194946,0.7544186115264893,0.9488372206687927,0.5600000023841858,0,0,0,0.9083333611488342,0.7426795959472656,0.9132888317108154,0.7679595351219177,0.9083333611488342,0.7692111730575562,e306d5920d514804ba68cd23f543f1a0
us-election-2020,2,bin,label,sampling_modifiedRS_oversampling,1.5,-,Loss.CE_Loss,-,-,0,0.7694422006607056,0.7383519411087036,0.9533394575119019,0.5233644843101501,0,0,0,0.9150000214576721,0.7635869383811951,0.9083907008171082,0.7188038229942322,0.9150000214576721,0.7506489753723145,88ede3c8160e45d2b21bd78dabe6c05d
us-election-2020,2,bin,label,wfl,-,-,Loss.Weighted_Focal_Loss,0.875,0.5,21,0.7931969165802002,0.76286381483078,0.9569202661514282,0.5688073635101318,0,0,0,0.92166668176651,0.7845454216003418,0.9167303442955017,0.7451517581939697,0.92166668176651,0.7754547595977783,9d70c4eb65194ef09b0aa7e60cfead9d
us-election-2020,2,bin,label,wfl,-,-,Loss.Weighted_Focal_Loss,0.9,0.2,21,0.8116760849952698,0.7744290232658386,0.9556376934051514,0.5932203531265259,0,0,0,0.9200000166893005,0.7744290232658386,0.9200000166893005,0.7744290232658386,0.9200000166893005,0.7693338394165039,6f96f6185abd46fb9246a70e70198211
us-election-2020,2,bin,label,augmentation_bert,-,-,Loss.CE_Loss,-,-,21,0.7544186115264893,0.7368052005767822,0.9543795585632324,0.5192307829856873,0,0,0,0.9166666865348816,0.7711712121963501,0.9086787104606628,0.7121776938438416,0.9166666865348816,0.7338165044784546,54ec793654be48bd9da998bc79167c8b
us-election-2020,2,bin,label,sampling_weightedRS,-,0.5,Loss.CE_Loss,-,-,42,0.8055555820465088,0.7117117047309875,0.9567567706108093,0.46666666865348816,0,0,0,0.9200000166893005,0.805317759513855,0.9080628156661987,0.6687239408493042,0.9200000166893005,0.7562741041183472,bf62dce0469e4d1c872b66e01404fe84
us-election-2020,2,bin,label,th,-,-,Loss.CE_Loss,-,-,42,0.7972499132156372,0.7958873510360718,0.9561157822608948,0.6356589198112488,0,0,0,0.92166668176651,0.7758760452270508,0.9286392331123352,0.8206554055213928,0.92166668176651,0.7974833250045776,5a86f33bb0ba4a5f91ee4e95c062d775
us-election-2020,2,bin,label,wce,-,-,Loss.Weighted_CE_Loss,0.875,-,21,0.8009730577468872,0.7606467008590698,0.9549217820167542,0.5663716793060303,0,0,0,0.9183333516120911,0.7715710401535034,0.9153503179550171,0.7508537173271179,0.9183333516120911,0.7519930005073547,2bb2bb801fee474a998fd2235847c354
us-election-2020,2,bin,label,wce,-,-,Loss.Weighted_CE_Loss,0.875,-,0,0.7972548007965088,0.7058342695236206,0.928909957408905,0.48275861144065857,0,0,0,0.875,0.6801420450210571,0.899584949016571,0.7494752407073975,0.875,0.7471737861633301,d6a794b39d8f45ae9fc1d31fb36c073f
us-election-2020,2,bin,label,wfl,-,-,Loss.Weighted_Focal_Loss,0.75,5.0,0,0.7953001260757446,0.7606467008590698,0.9549217820167542,0.5663716793060303,0,0,0,0.9183333516120911,0.7715710401535034,0.9153503179550171,0.7508537173271179,0.9183333516120911,0.803239643573761,00a1352bbe084cb9bc7f532b24f23b18
us-election-2020,2,bin,label,sampling_modifiedRS_oversampling,1.0,-,Loss.CE_Loss,-,-,42,0.7871774435043335,0.767975926399231,0.9547553062438965,0.5811966061592102,0,0,0,0.9183333516120911,0.77004075050354,0.9177205562591553,0.7659544348716736,0.9183333516120911,0.8051025867462158,21ad5725804f4f6696f0d992cecd03d1
us-election-2020,2,bin,label,wfl,-,-,Loss.Weighted_Focal_Loss,0.5,0.1,0,0.8347907066345215,0.7651663422584534,0.9589040875434875,0.5714285969734192,0,0,0,0.925000011920929,0.7999136447906494,0.9185978770256042,0.7394498586654663,0.925000011920929,0.8051519393920898,83a1c977f9174f17aaf296fcd2316bce
us-election-2020,2,bin,label,augmentation_wordnet,-,-,Loss.CE_Loss,-,-,42,0.7701736688613892,0.6972178816795349,0.9439852833747864,0.45045045018196106,0,0,0,0.8983333110809326,0.7093627452850342,0.892999529838562,0.6869106292724609,0.8983333706855774,0.7134295701980591,439a9c7413f242fc841f0785760a991f
us-election-2020,2,bin,label,wfl,-,-,Loss.Weighted_Focal_Loss,0.5,0.5,21,0.8054925203323364,0.7341123819351196,0.9503676295280457,0.5178571343421936,0,0,0,0.9100000262260437,0.7461625933647156,0.9060201644897461,0.7235815525054932,0.9100000262260437,0.7499700784683228,4cec9a68a11f4045bfec0482ff0b1f78
us-election-2020,2,bin,label,wce,-,-,Loss.Weighted_CE_Loss,0.75,-,21,0.7813665866851807,0.765974760055542,0.9578754305839539,0.5740740895271301,0,0,0,0.9233333468437195,0.7909181714057922,0.9180577993392944,0.7460759878158569,0.9233333468437195,0.777157723903656,30d3b23aca61479d9ea80eb497ae1e8e
us-election-2020,2,bin,label,wfl,-,-,Loss.Weighted_Focal_Loss,0.75,1.0,21,0.8084291219711304,0.7191011309623718,0.9382022619247437,0.5,0,0,0,0.8899999856948853,0.7013595104217529,0.9016342759132385,0.7426924705505371,0.8899999856948853,0.7626485824584961,bfc2e05e4bf848e9a24b8f5cc0f71d07
us-election-2020,2,bin,label,wfl,-,-,Loss.Weighted_Focal_Loss,0.75,2.0,42,0.7900584936141968,0.7354497313499451,0.9523809552192688,0.5185185074806213,0,0,0,0.9133333563804626,0.7575836181640625,0.9071281552314758,0.7178796529769897,0.9133333563804626,0.7609937191009521,76f3a9f1c9f04c989298e88a40f60c31
us-election-2020,2,bin,label,wfl,-,-,Loss.Weighted_Focal_Loss,0.25,1.0,21,0.7990697622299194,0.7735031843185425,0.9577205777168274,0.5892857313156128,0,0,0,0.9233333468437195,0.7875547409057617,0.9200350046157837,0.7611767053604126,0.9233333468437195,0.7681220173835754,0a97097a91084a79802717d0aebb3448
us-election-2020,2,bin,label,wfl,-,-,Loss.Weighted_Focal_Loss,0.75,0.5,42,0.7872471809387207,0.7115384340286255,0.9230769276618958,0.5,0,0,0,0.8666666746139526,0.6789817214012146,0.9062786102294922,0.7826060056686401,0.8666666746139526,0.7430460453033447,9fc1cbd88afb4762808be31a1b83afaf
us-election-2020,2,bin,label,wce,-,-,Loss.Weighted_CE_Loss,0.9,-,42,0.8255712985992432,0.7815799117088318,0.9512194991111755,0.611940324306488,0,0,0,0.9133333563804626,0.7561904788017273,0.9245079159736633,0.8160343170166016,0.9133333563804626,0.8146800994873047,ea3af904768249f599f5fff648f6051b
us-election-2020,2,bin,label,wfl,-,-,Loss.Weighted_Focal_Loss,0.9,2.0,21,0.7981199026107788,0.7423336505889893,0.9501845240592957,0.5344827771186829,0,0,0,0.9100000262260437,0.7461471557617188,0.9086514711380005,0.7386822700500488,0.9100000262260437,0.7682141065597534,65e0ecd8ad694ba4a6a740da72bcaf3b
us-election-2020,2,bin,label,fl,-,-,Loss.Focal_Loss,-,0.2,0,0.8188353776931763,0.7698081731796265,0.957798182964325,0.581818163394928,0,0,0,0.9233333468437195,0.7891353368759155,0.919021725654602,0.7536263465881348,0.9233333468437195,0.765033483505249,b9686d87ed0241c090d0995c61eb2630
us-election-2020,2,bin,label,wfl,-,-,Loss.Weighted_Focal_Loss,0.75,0.5,0,0.7981199026107788,0.7751529216766357,0.9535316228866577,0.5967742204666138,0,0,0,0.9166666865348816,0.7640546560287476,0.9205631613731384,0.7876813411712646,0.9166666865348816,0.7621328830718994,28b61ceaa5914e73bdc3badc5f87732a
us-election-2020,2,bin,label,augmentation_wordnet,-,-,Loss.CE_Loss,-,-,0,0.776434063911438,0.7365581393241882,0.9451162815093994,0.527999997138977,0,0,0,0.9016666412353516,0.7256554365158081,0.90693199634552,0.749161958694458,0.9016667008399963,0.7414286136627197,5e7bf829d80e4b2a9f9bdb8ffa6665a0
us-election-2020,2,bin,label,sampling_modifiedRS_oversampling,3,-,Loss.CE_Loss,-,-,21,0.7508305907249451,0.7178643345832825,0.926174521446228,0.5095541477203369,0,0,0,0.871666669845581,0.6851573586463928,0.9076759219169617,0.785378634929657,0.871666669845581,0.7417629957199097,ff3241371e524adca6539fbea20392f3
us-election-2020,2,bin,label,sampling_modifiedRS_oversampling,5,-,Loss.CE_Loss,-,-,42,0.8156561851501465,0.7867597341537476,0.959484338760376,0.6140350699424744,0,0,0,0.9266666769981384,0.7961634397506714,0.9245359897613525,0.7781258821487427,0.9266666769981384,0.7931029796600342,8c768b973b104ef5a5a0481e87277ee1
us-election-2020,2,bin,label,sampling_modifiedRS_oversampling,1.2,-,Loss.CE_Loss,-,-,21,0.8019047379493713,0.7162365913391113,0.9404096603393555,0.4920634925365448,0,0,0,0.8933333158493042,0.7050768733024597,0.8997970819473267,0.7294400930404663,0.8933333158493042,0.736153244972229,dd2c8305c19143a296a42fa16ef49734
us-election-2020,2,bin,label,augmentation_bert,-,-,Loss.CE_Loss,-,-,21,0.7690645456314087,0.7196669578552246,0.9434661865234375,0.4958677589893341,0,0,0,0.8983333110809326,0.7149838209152222,0.9006444811820984,0.7246624231338501,0.8983333706855774,0.7406754493713379,6261786c4b8e49abbafafe673c2bdb4f
us-election-2020,2,bin,label,wfl,-,-,Loss.Weighted_Focal_Loss,0.1,5.0,42,0.7512162923812866,0.6824905872344971,0.9402024149894714,0.4247787594795227,0,0,0,0.8916666507720947,0.69017094373703,0.8875712156295776,0.6756633520126343,0.8916667103767395,0.7171463966369629,6f0cc3c15ea54f5d9e6e1578b77403fd
us-election-2020,2,bin,label,wfl,-,-,Loss.Weighted_Focal_Loss,0.5,5.0,42,0.798627495765686,0.7197664976119995,0.9486238360404968,0.4909090995788574,0,0,0,0.9066666960716248,0.7355619668960571,0.9011693596839905,0.7066323757171631,0.9066666960716248,0.7700586915016174,e161490ae72442ed9743f987480bf073
us-election-2020,2,bin,label,wfl,-,-,Loss.Weighted_Focal_Loss,0.25,1.0,0,0.7691340446472168,0.644055187702179,0.9507609605789185,0.33734938502311707,0,0,0,0.9083333611488342,0.7526041269302368,0.888585090637207,0.6094019412994385,0.9083333015441895,0.7513608932495117,3a05c3e788b446e2af9573cc811a5024
us-election-2020,2,bin,label,wfl,-,-,Loss.Weighted_Focal_Loss,0.1,0.1,42,0.7901395559310913,0.7214186191558838,0.9526411890983582,0.4901960790157318,0,0,0,0.9133333563804626,0.7601770162582397,0.9037983417510986,0.6952285766601562,0.9133333563804626,0.7213904857635498,14dbc1f140b44b23af25771c9bc3b9eb
us-election-2020,2,bin,label,wfl,-,-,Loss.Weighted_Focal_Loss,0.5,1.0,21,0.7872017025947571,0.7341123819351196,0.9503676295280457,0.5178571343421936,0,0,0,0.9100000262260437,0.7461625933647156,0.9060201644897461,0.7235815525054932,0.9100000262260437,0.7699334025382996,8db86a22f4704ca5b786fed9eeb36f99
us-election-2020,2,bin,label,wfl,-,-,Loss.Weighted_Focal_Loss,0.5,5.0,21,0.7694422006607056,0.697309136390686,0.9460201263427734,0.44859811663627625,0,0,0,0.9016666412353516,0.7182971239089966,0.8936624526977539,0.6812086701393127,0.9016667008399963,0.7035541534423828,e5c2125a7a8443d4a1b4454f7d9b1ee1
us-election-2020,2,bin,label,wfl,-,-,Loss.Weighted_Focal_Loss,0.1,0.2,42,0.4676131308078766,0.47414547204971313,0.9482909440994263,0.0,0,0,0,0.9016666412353516,0.4508333206176758,0.8130027651786804,0.5,0.9016666412353516,0.5310719013214111,b436f505f2434c5f96b049afde8cf412
us-election-2020,2,bin,label,wfl,-,-,Loss.Weighted_Focal_Loss,0.875,2.0,21,0.7894517779350281,0.7536421418190002,0.9499072432518005,0.5573770403862,0,0,0,0.9100000262260437,0.7465637922286987,0.912758469581604,0.7613333463668823,0.9100000262260437,0.7688772678375244,80820fafe9094950a053d77eb8b51d37
us-election-2020,2,bin,label,wfl,-,-,Loss.Weighted_Focal_Loss,0.25,5.0,21,0.826651930809021,0.7456247210502625,0.9542124271392822,0.5370370149612427,0,0,0,0.9166666865348816,0.7686951160430908,0.910771369934082,0.7272784113883972,0.9166666865348816,0.76934814453125,19036811ad214e39b684b0602230f948
us-election-2020,2,bin,label,wfl,-,-,Loss.Weighted_Focal_Loss,0.1,2.0,0,0.4676131308078766,0.47414547204971313,0.9482909440994263,0.0,0,0,0,0.9016666412353516,0.4508333206176758,0.8130027651786804,0.5,0.9016666412353516,0.5408329963684082,91fba23f86d841359309b1ab8a106841
us-election-2020,2,bin,label,fl,-,-,Loss.Focal_Loss,-,0.5,21,0.7754474878311157,0.7269997596740723,0.9494949579238892,0.5045045018196106,0,0,0,0.9083333611488342,0.7409461140632629,0.9036086797714233,0.7151069641113281,0.9083333611488342,0.7640937566757202,fbb86061e9134270b9b60261f4a08f26
us-election-2020,2,bin,label,augmentation_wordnet,-,-,Loss.CE_Loss,-,-,42,0.7751529216766357,0.691562831401825,0.9501360058784485,0.4329896867275238,0,0,0,0.9083333611488342,0.7425079345703125,0.8950419425964355,0.6622544527053833,0.9083333611488342,0.7368680238723755,88f22409aed04bad96b47971cd520b81
us-election-2020,2,bin,label,wfl,-,-,Loss.Weighted_Focal_Loss,0.875,2.0,0,0.8042219877243042,0.76286381483078,0.9569202661514282,0.5688073635101318,0,0,0,0.92166668176651,0.7845454216003418,0.9167303442955017,0.7451517581939697,0.92166668176651,0.7698266506195068,d213e27f47c14621a5486ef028d1d309
us-election-2020,2,bin,label,wfl,-,-,Loss.Weighted_Focal_Loss,0.25,0.2,0,0.8127341270446777,0.7585055828094482,0.9529085755348206,0.5641025900840759,0,0,0,0.9150000214576721,0.760497510433197,0.9143615365028381,0.7565556764602661,0.9150000214576721,0.7943245768547058,7b624dafe8204cd1a7321427de9472bd
us-election-2020,2,bin,label,augmentation_bert,-,-,Loss.CE_Loss,-,-,42,0.7900584936141968,0.7163636088371277,0.9527272582054138,0.47999998927116394,0,0,0,0.9133333563804626,0.7613769769668579,0.9027726650238037,0.6876782178878784,0.9133333563804626,0.7270002365112305,0c342d1a8ce34a66930cf6c6b1cab220
us-election-2020,2,bin,label,sampling_weightedRS_oversampling,-,1.0,Loss.CE_Loss,-,-,42,0.7751529216766357,0.7667088508605957,0.9568411111831665,0.5765765905380249,0,0,0,0.92166668176651,0.7830572724342346,0.9177543520927429,0.7527021169662476,0.92166668176651,0.7296622395515442,81cfc92fd75447afb7ccdb455a223e10
us-election-2020,2,bin,label,wfl,-,-,Loss.Weighted_Focal_Loss,0.5,1.0,0,0.8050479888916016,0.7490295171737671,0.9468778967857361,0.5511810779571533,0,0,0,0.9049999713897705,0.7347965240478516,0.9116027355194092,0.7661111354827881,0.9050000309944153,0.7621940970420837,b1b0a7b2f3c5418a92239d3f911443d4
us-election-2020,2,bin,label,wce,-,-,Loss.Weighted_CE_Loss,0.75,-,42,0.7983814477920532,0.7300944924354553,0.9473684430122375,0.5128205418586731,0,0,0,0.9049999713897705,0.7318679094314575,0.9042845964431763,0.7283592820167542,0.9050000309944153,0.7822299599647522,ec10f57adbdb468cb3bc9d2f331e5e78
